,OFFER,RETAILER,BRAND,BRAND_BELONGS_TO_CATEGORY,RECEIPTS,CATEGORY_ID,PRODUCT_CATEGORY,IS_CHILD_CATEGORY_TO
0,Spend $50 on a Full-Priced new Club Membership,SAMS CLUB,SAMS CLUB,,,,,
1,"Beyond Meat® Plant-Based products, spend $25",,BEYOND MEAT,Plant-Based Meat,1584,,,
2,"Beyond Meat® Plant-Based products, spend $25",,BEYOND MEAT,Frozen Plant-Based Meat,313,,,
3,"Beyond Meat® Plant-Based products, spend $25",,BEYOND MEAT,Packaged Meat,30,,,
4,Good Humor Viennetta Frozen Vanilla Cake,,GOOD HUMOR,Frozen Desserts,1052,,,
5,Good Humor Viennetta Frozen Vanilla Cake,,GOOD HUMOR,Dips & Salsa,596,,,
6,"Butterball, select varieties, spend $10 at Dillons Food Store",DILLONS FOOD STORE,BUTTERBALL,Nut Butters & Jam,2107,,,
7,"Butterball, select varieties, spend $10 at Dillons Food Store",DILLONS FOOD STORE,BUTTERBALL,Frozen Turkey,388,,,
8,"GATORADE® Fast Twitch®, 12-ounce 12 pack, at Amazon Storefront*",AMAZON,GATORADE,Sports Drinks,34829,,,
9,"GATORADE® Fast Twitch®, 12-ounce 12 pack, at Amazon Storefront*",AMAZON,GATORADE,Medicines & Treatments,25275,,,
10,"GATORADE® Fast Twitch®, 12-ounce 12 pack, at Amazon Storefront*",AMAZON,GATORADE,Meal Replacement Beverages,289,,,
11,Emmy's Organics® Cookies OR Brownie Snaps,,EMMYS POP UP,Cookies,38,,,
12,"Dr Pepper®, Regular OR Zero Sugar Strawberries and Cream 12 pack, at select retailers",UNITED SUPERMARKETS,DR PEPPER,Carbonated Soft Drinks,77880,,,
13,"Dr Pepper®, Regular OR Zero Sugar Strawberries and Cream 12 pack, at select retailers",UNITED SUPERMARKETS,DR PEPPER,Cooking & Baking,10983,,,
14,"Arnold, Brownberry, Oroweat® Small Slice bread, at Walmart",WALMART,ARNOLD BROWNBERRY OROWEAT,Bread,8390,,,
15,"Arnold, Brownberry, Oroweat® Small Slice bread, at Walmart",WALMART,ARNOLD BROWNBERRY OROWEAT,Prepared Meals,86,,,
16,"Arnold, Brownberry, Oroweat® Small Slice bread, at Walmart",WALMART,ARNOLD BROWNBERRY OROWEAT,Bakery,20,,,
17,Barilla® Pesto Sauce,,BARILLA,Dry Pasta,25852,,,
18,Barilla® Pesto Sauce,,BARILLA,Chips,5816,,,
19,Barilla® Pesto Sauce,,BARILLA,Red Pasta Sauce,581,,,
20,Barilla® Pesto Sauce,,BARILLA,Pesto Sauce,525,,,
21,"Any General Mills™ products, buy 2
Good Rewards Members Only",,ANNIES HOMEGROWN GROCERY,Cheese,1489,,,
22,"Any General Mills™ products, buy 2
Good Rewards Members Only",,ANNIES HOMEGROWN GROCERY,Crackers,961,,,
23,"Any General Mills™ products, buy 2
Good Rewards Members Only",,ANNIES HOMEGROWN GROCERY,Fruit & Vegetable Snacks,228,,,
24,"Any General Mills™ products, buy 2
Good Rewards Members Only",,ANNIES HOMEGROWN GROCERY,Dressings,208,,,
25,"Any General Mills™ products, buy 2
Good Rewards Members Only",,ANNIES HOMEGROWN GROCERY,Cooking & Baking,106,,,
26,"Any General Mills™ products, buy 2
Good Rewards Members Only",,ANNIES HOMEGROWN GROCERY,Refrigerated Doughs,92,,,
27,"Any General Mills™ products, buy 2
Good Rewards Members Only",,ANNIES HOMEGROWN GROCERY,Packaged Vegetables,56,,,
28,"Any General Mills™ products, buy 2
Good Rewards Members Only",,ANNIES HOMEGROWN GROCERY,Frozen Meals,52,,,
29,"Any General Mills™ products, buy 2
Good Rewards Members Only",,ANNIES HOMEGROWN GROCERY,Chips,48,,,
30,"Any General Mills™ products, buy 2
Good Rewards Members Only",,ANNIES HOMEGROWN GROCERY,Frozen Pizza & Pizza Snacks,38,,,
31,"Any General Mills™ products, buy 2
Good Rewards Members Only",,ANNIES HOMEGROWN GROCERY,"Cereal, Granola, & Toaster Pastries",32,,,
32,"Any General Mills™ products, buy 2
Good Rewards Members Only",,ANNIES HOMEGROWN GROCERY,Bread,20,,,
33,"Any General Mills™ products, buy 2
Good Rewards Members Only",,ANNIES HOMEGROWN GROCERY,Frozen Breakfast,18,,,
34,"Any General Mills™ products, buy 2
Good Rewards Members Only",,ANNIES HOMEGROWN GROCERY,Cookies,15,,,
35,"Any General Mills™ products, buy 2
Good Rewards Members Only",,ANNIES HOMEGROWN GROCERY,Soup & Broth,14,,,
36,Egglife Egg White Wraps at Aldi,ALDI,EGGLIFE,Eggs,27,,,
37,Spend $20 at Zaxby's,ZAXBYS,ZAXBYS,,,,,
38,Spend $10 at Subway,SUBWAY,SUBWAY,Cooking & Baking,762,,,
39,"DOVE® Chocolate, select sizes, buy 1",,DOVE CHOCOLATE,Candy,3730,c99c5725-4d9b-404a-8438-5cf1dc4f12c3,Gum,Candy
40,Hellmann's® OR Best Foods® Garlic Aioli OR Spicy Mayonnaise,,HELLMANNS BEST FOODS,Condiments,7427,,,
41,Hellmann's® OR Best Foods® Garlic Aioli OR Spicy Mayonnaise,,HELLMANNS BEST FOODS,Sauces & Marinades,49,,,
42,Hellmann's® OR Best Foods® Garlic Aioli OR Spicy Mayonnaise,,HELLMANNS BEST FOODS,Dressings,12,,,
43,"M&M'S®, select sizes, buy 1",,M&MS,Candy,37241,c99c5725-4d9b-404a-8438-5cf1dc4f12c3,Gum,Candy
44,"GATORLYTE® OR GATORADE™ Fit Single Serve Bottle, select varieties, buy 2",,GATORADE,Sports Drinks,34829,,,
45,"GATORLYTE® OR GATORADE™ Fit Single Serve Bottle, select varieties, buy 2",,GATORADE,Medicines & Treatments,25275,,,
46,"GATORLYTE® OR GATORADE™ Fit Single Serve Bottle, select varieties, buy 2",,GATORADE,Meal Replacement Beverages,289,,,
47,"Beyond Steak™ Plant-Based seared tips, 10 ounce at Target",TARGET,BEYOND MEAT,Plant-Based Meat,1584,,,
48,"Beyond Steak™ Plant-Based seared tips, 10 ounce at Target",TARGET,BEYOND MEAT,Frozen Plant-Based Meat,313,,,
49,"Beyond Steak™ Plant-Based seared tips, 10 ounce at Target",TARGET,BEYOND MEAT,Packaged Meat,30,,,
50,Red Gold Tomato Ketchup,,RED GOLD,Cooking & Baking,515,,,
51,Red Gold Tomato Ketchup,,RED GOLD,Sauces & Marinades,323,,,
52,Red Gold Tomato Ketchup,,RED GOLD,Condiments,106,,,
53,Red Gold Tomato Ketchup,,RED GOLD,Dips & Salsa,68,,,
54,Red Gold Tomato Ketchup,,RED GOLD,Drink Mixes,14,,,
55,Gillette Venus ® for Pubic Hair & Skin spend $20,,GILLETTE VENUS,Hair Removal,12805,,,
56,Spend $140 at Shaws,SHAWS,SHAWS,Cooking & Baking,28,,,
57,"L'Oréal Paris Hair color, select varieties, spend $19 at Target",TARGET,LOREAL PARIS HAIR COLOR,Hair Care,542,,,
58,Simply Spiked™ Lemonade 12 pack+,,SIMPLY SPIKED,Malt Beverages,2017,,,
59,Simply Spiked™ Lemonade 12 pack+,,SIMPLY SPIKED,"Hard Seltzers, Sodas, Waters, Lemonades & Teas",661,,,
60,"Gorton's, at select retailers",SHOP RITE,GORTONS,Frozen Seafood,122,,,
61,"Gorton's, at select retailers",SHOP RITE,GORTONS,Jerky & Dried Meat,14,,,
62,"Gorton's, at select retailers",SHOP RITE,GORTONS,Frozen Meals,13,,,
63,Shop 2 times at ACME,ACME,ACME,Medicines & Treatments,449,,,
64,"Butterball, select varieties, spend $10 at Ralphs",RALPHS,BUTTERBALL,Nut Butters & Jam,2107,,,
65,"Butterball, select varieties, spend $10 at Ralphs",RALPHS,BUTTERBALL,Frozen Turkey,388,,,
66,"Beyond Steak™ Plant-Based seared tips, 10 ounce, buy 2 at H-E-B",H-E-B,BEYOND MEAT,Plant-Based Meat,1584,,,
67,"Beyond Steak™ Plant-Based seared tips, 10 ounce, buy 2 at H-E-B",H-E-B,BEYOND MEAT,Frozen Plant-Based Meat,313,,,
68,"Beyond Steak™ Plant-Based seared tips, 10 ounce, buy 2 at H-E-B",H-E-B,BEYOND MEAT,Packaged Meat,30,,,
69,"Butterball, select varieties, Spend $10 at Ruler Foods",RULER FOODS,BUTTERBALL,Nut Butters & Jam,2107,,,
70,"Butterball, select varieties, Spend $10 at Ruler Foods",RULER FOODS,BUTTERBALL,Frozen Turkey,388,,,
71,Spend $20 at KFC,KFC,KFC,,,,,
72,Spend $15 at Nekter,NEKTER JUICE BAR,NEKTER,,,,,
73,Order online at Zaxbys.com,ZAXBYS,ZAXBYS,,,,,
74,"Butterball, select varieties, spend $10 at King Soopers",KING SOOPERS,BUTTERBALL,Nut Butters & Jam,2107,,,
75,"Butterball, select varieties, spend $10 at King Soopers",KING SOOPERS,BUTTERBALL,Frozen Turkey,388,,,
76,Order from Casey's app or Caseys.com,CASEYS GENERAL STORE,CASEYS GENERAL STORE,Cooking & Baking,58,,,
77,Order from Casey's app or Caseys.com,CASEYS GENERAL STORE,CASEYS GENERAL STORE,Frozen Pizza & Pizza Snacks,42,,,
78,"Tru-Ray® Premium Construction Paper, spend $10",,TRURAY,,,,,
79,"Flonase Allergy Relief, at Walmart",WALMART,FLONASE,Medicines & Treatments,32,,,
80,Spend $25 at KFC,KFC,KFC,,,,,
81,"Gorton's Air Fried Butterfly Shrimp, at Walmart",WALMART,GORTONS,Frozen Seafood,122,,,
82,"Gorton's Air Fried Butterfly Shrimp, at Walmart",WALMART,GORTONS,Jerky & Dried Meat,14,,,
83,"Gorton's Air Fried Butterfly Shrimp, at Walmart",WALMART,GORTONS,Frozen Meals,13,,,
84,"CESAR® Wet Dog Food, spend $20",,CESAR,Cooking & Baking,2454,,,
85,"CESAR® Wet Dog Food, spend $20",,CESAR,Sauces & Marinades,379,,,
86,"CESAR® Wet Dog Food, spend $20",,CESAR,Dog Supplies,234,,,
87,"CESAR® Wet Dog Food, spend $20",,CESAR,Frozen Chicken,95,,,
88,"TWIX®, select sizes",,TWIX,Candy,16006,c99c5725-4d9b-404a-8438-5cf1dc4f12c3,Gum,Candy
89,"TWIX®, select sizes",,TWIX,Cookies,121,,,
90,"M&M'S® chocolate candies, select varieties",,M&MS,Candy,37241,c99c5725-4d9b-404a-8438-5cf1dc4f12c3,Gum,Candy
91,"Hidden Valley® Ranch Salad Dressing OR Secret Sauce, select varieties",,HIDDEN VALLEY RANCH,Dips & Salsa,10661,,,
92,"Hidden Valley® Ranch Salad Dressing OR Secret Sauce, select varieties",,HIDDEN VALLEY RANCH,Sauces & Marinades,1537,,,
93,"Hidden Valley® Ranch Salad Dressing OR Secret Sauce, select varieties",,HIDDEN VALLEY RANCH,Cooking & Baking,237,,,
94,Spend $210 at Randalls,RANDALLS,RANDALLS,,,,,
95,"Cooked Perfect® Meatballs, at Walmart",WALMART,COOKED PERFECT,Frozen Chicken,253,,,
96,Spend $25 at Casey's,CASEYS GENERAL STORE,CASEYS GENERAL STORE,Cooking & Baking,58,,,
97,Spend $25 at Casey's,CASEYS GENERAL STORE,CASEYS GENERAL STORE,Frozen Pizza & Pizza Snacks,42,,,
98,"Perfect Keto Barista Blend Collagen & MCTs, online at Amazon",AMAZON,PERFECT KETO,Medicines & Treatments,171,,,
99,"Perfect Keto Barista Blend Collagen & MCTs, online at Amazon",AMAZON,PERFECT KETO,Nuts & Seeds,26,,,
100,"Creativity Street®, spend $10",,CREATIVITY STREET,,,,,
101,"Crunchmaster® Crackers, spend $4",,CRUNCHMASTER,Crackers,418,,,
102,"Crunchmaster® Crackers, spend $4",,CRUNCHMASTER,Candy,60,c99c5725-4d9b-404a-8438-5cf1dc4f12c3,Gum,Candy
103,"Tyson Products, select varieties, spend $20 at Sam's Club",SAMS CLUB,BALL PARK FRANK,Packaged Meat,3186,,,
104,"Tyson Products, select varieties, spend $20 at Sam's Club",SAMS CLUB,BALL PARK FRANK,Frozen Beef,20,,,
105,"L'Oréal Paris Makeup, spend $35 at Target",TARGET,LOREAL PARIS COSMETICS,Makeup,2124,,,
106,Spend $25 at Subway,SUBWAY,SUBWAY,Cooking & Baking,762,,,
107,Any Vons receipt,VONS,VONS,Spirits,39,2e390809-d293-43d2-bfa3-56b06d24b3e1,Rum,Spirits
108,Any Vons receipt,VONS,VONS,Spirits,39,79e71bb6-c6f8-4782-9e2c-aa535c8d06d7,Vodka,Spirits
109,"Chosen Foods® Mayo, select varieties",,CHOSEN FOODS,Cooking & Baking,450,,,
110,"Chosen Foods® Mayo, select varieties",,CHOSEN FOODS,Dips & Salsa,173,,,
111,"Chosen Foods® Mayo, select varieties",,CHOSEN FOODS,Dressings,44,,,
112,"Chosen Foods® Mayo, select varieties",,CHOSEN FOODS,Condiments,18,,,
113,"L'Oréal Paris Men Expert hair color, spend $19 at Walmart",WALMART,LOREAL PARIS HAIR COLOR,Hair Care,542,,,
114,Spend $185 at Shaws,SHAWS,SHAWS,Cooking & Baking,28,,,
115,Spend $150 at Vons,VONS,VONS,Spirits,39,2e390809-d293-43d2-bfa3-56b06d24b3e1,Rum,Spirits
116,Spend $150 at Vons,VONS,VONS,Spirits,39,79e71bb6-c6f8-4782-9e2c-aa535c8d06d7,Vodka,Spirits
117,"Wine from TheBarrelRoom.com, spend $30",GALLO.COM,ALAMOS,Wine,189,,,
118,"General Mills™ products, select brands, spend $35",,ANNIES HOMEGROWN GROCERY,Cheese,1489,,,
119,"General Mills™ products, select brands, spend $35",,ANNIES HOMEGROWN GROCERY,Crackers,961,,,
120,"General Mills™ products, select brands, spend $35",,ANNIES HOMEGROWN GROCERY,Fruit & Vegetable Snacks,228,,,
121,"General Mills™ products, select brands, spend $35",,ANNIES HOMEGROWN GROCERY,Dressings,208,,,
122,"General Mills™ products, select brands, spend $35",,ANNIES HOMEGROWN GROCERY,Cooking & Baking,106,,,
123,"General Mills™ products, select brands, spend $35",,ANNIES HOMEGROWN GROCERY,Refrigerated Doughs,92,,,
124,"General Mills™ products, select brands, spend $35",,ANNIES HOMEGROWN GROCERY,Packaged Vegetables,56,,,
125,"General Mills™ products, select brands, spend $35",,ANNIES HOMEGROWN GROCERY,Frozen Meals,52,,,
126,"General Mills™ products, select brands, spend $35",,ANNIES HOMEGROWN GROCERY,Chips,48,,,
127,"General Mills™ products, select brands, spend $35",,ANNIES HOMEGROWN GROCERY,Frozen Pizza & Pizza Snacks,38,,,
128,"General Mills™ products, select brands, spend $35",,ANNIES HOMEGROWN GROCERY,"Cereal, Granola, & Toaster Pastries",32,,,
129,"General Mills™ products, select brands, spend $35",,ANNIES HOMEGROWN GROCERY,Bread,20,,,
130,"General Mills™ products, select brands, spend $35",,ANNIES HOMEGROWN GROCERY,Frozen Breakfast,18,,,
131,"General Mills™ products, select brands, spend $35",,ANNIES HOMEGROWN GROCERY,Cookies,15,,,
132,"General Mills™ products, select brands, spend $35",,ANNIES HOMEGROWN GROCERY,Soup & Broth,14,,,
133,"PepsiCo® Beverage, 7.5-ounce 10 pack, select varieties, at Amazon Storefront*",AMAZON,PEPSI,Carbonated Soft Drinks,53604,,,
134,"Sara Lee® bread, select varieties, buy 2 at Walmart®",WALMART,SARA LEE,Bread,18136,,,
135,"Sara Lee® bread, select varieties, buy 2 at Walmart®",WALMART,SARA LEE,Cheese,1028,,,
136,"Sara Lee® bread, select varieties, buy 2 at Walmart®",WALMART,SARA LEE,Bakery,916,,,
137,"Sara Lee® bread, select varieties, buy 2 at Walmart®",WALMART,SARA LEE,"Cereal, Granola, & Toaster Pastries",28,,,
138,"Sara Lee® bread, select varieties, buy 2 at Walmart®",WALMART,SARA LEE,Frozen Desserts,26,,,
139,"Sara Lee® or Alfaros® Artesano bread, buy 5",,ALFAROS,Bakery,783,,,
140,"Sara Lee® or Alfaros® Artesano bread, buy 5",,ALFAROS,Bread,583,,,
141,"Bai® Antioxidant, 6 pack, buy 2 at Walmart",WALMART,BAI,Fruit Juices,4685,,,
142,"Bai® Antioxidant, 6 pack, buy 2 at Walmart",WALMART,BAI,Water,2367,,,
143,"Bai® Antioxidant, 6 pack, buy 2 at Walmart",WALMART,BAI,Drink Mixes,784,,,
144,"Bai® Antioxidant, 6 pack, buy 2 at Walmart",WALMART,BAI,Tea,52,,,
145,Spend $5 in-store at Casey's,CASEYS GENERAL STORE,CASEYS GENERAL STORE,Cooking & Baking,58,,,
146,Spend $5 in-store at Casey's,CASEYS GENERAL STORE,CASEYS GENERAL STORE,Frozen Pizza & Pizza Snacks,42,,,
147,"Reese's Chocolate Cones, 8 count at GIANT OR MARTIN’S",MARTINS FOODS,KLONDIKE,Frozen Desserts,5709,,,
148,"Reese's Chocolate Cones, 8 count at GIANT OR MARTIN’S",MARTINS FOODS,KLONDIKE,Frozen Meals,1153,,,
149,Spend $25 at Fresh Thyme Market,FRESH THYME MARKET,FRESH THYME MARKET,,,,,
150,Any Albertsons receipt,ALBERTSONS,ALBERTSONS,Candy,150,c99c5725-4d9b-404a-8438-5cf1dc4f12c3,Gum,Candy
151,Shop 2 times at Albertsons,ALBERTSONS,ALBERTSONS,Candy,150,c99c5725-4d9b-404a-8438-5cf1dc4f12c3,Gum,Candy
152,Select beverages AND prepared food items at Casey's,CASEYS GENERAL STORE,CASEYS GENERAL STORE,Cooking & Baking,58,,,
153,Select beverages AND prepared food items at Casey's,CASEYS GENERAL STORE,CASEYS GENERAL STORE,Frozen Pizza & Pizza Snacks,42,,,
154,QUEEN V® The VIP & The Wingwoman Soft Touch Silicone Vibrator at Walmart,WALMART,QUEEN V,,,,,
155,"Back to the Roots Grow Seed Starting Pots OR Germination Trays, at Walmart or Target",TARGET,BACK TO THE ROOTS,Packaged Meals & Sides,146,,,
156,"Dove Hand Wash, select varieties, buy 2 at Target",TARGET,DOVE,Bath & Body,15821,,,
157,"Dove Hand Wash, select varieties, buy 2 at Target",TARGET,DOVE,Deodorant & Antiperspirant,4648,,,
158,"Dove Hand Wash, select varieties, buy 2 at Target",TARGET,DOVE,Hair Care,1635,,,
159,"Dove Hand Wash, select varieties, buy 2 at Target",TARGET,DOVE,Makeup,13,,,
160,"Frutero Ice Cream, 1 pint",,FRUTERO,Frozen Desserts,46,,,
161,"Frutero Ice Cream, 1 pint",,FRUTERO,Frozen Fruits,20,,,
162,Red Gold Tomato Juice,,RED GOLD,Cooking & Baking,515,,,
163,Red Gold Tomato Juice,,RED GOLD,Sauces & Marinades,323,,,
164,Red Gold Tomato Juice,,RED GOLD,Condiments,106,,,
165,Red Gold Tomato Juice,,RED GOLD,Dips & Salsa,68,,,
166,Red Gold Tomato Juice,,RED GOLD,Drink Mixes,14,,,
167,"Bio-Oil® Skincare Oil OR Gel, select varieties",,BIO OIL,Skin Care,61,,,
168,"Bio-Oil® Skincare Oil OR Gel, select varieties",,BIO OIL,Cooking & Baking,41,,,
169,Spend $65 at Albertsons,ALBERTSONS,ALBERTSONS,Candy,150,c99c5725-4d9b-404a-8438-5cf1dc4f12c3,Gum,Candy
170,"Welch's®Fruit Snacks, select varieties, buy 2",,WELCHS FRUIT SNACKS,Fruit & Vegetable Snacks,7934,,,
171,Talenti Mini Bars,,TALENTI,Frozen Desserts,5076,,,
172,Talenti Mini Bars,,TALENTI,Frozen Meals,1232,,,
173,Visit OR order online from Casey's 7 times,CASEYS GENERAL STORE,CASEYS GENERAL STORE,Cooking & Baking,58,,,
174,Visit OR order online from Casey's 7 times,CASEYS GENERAL STORE,CASEYS GENERAL STORE,Frozen Pizza & Pizza Snacks,42,,,
175,"Simply Spiked™ Signature Peach 12-pack or larger, buy 2",,SIMPLY SPIKED,Malt Beverages,2017,,,
176,"Simply Spiked™ Signature Peach 12-pack or larger, buy 2",,SIMPLY SPIKED,"Hard Seltzers, Sodas, Waters, Lemonades & Teas",661,,,
177,"Molson Coors®, select varieties, 12 pack+",,COORS LIGHT,Beer,31672,,,
178,"Molson Coors®, select varieties, 12 pack+",,COORS LIGHT,Makeup,4379,,,
179,"Welch's® Zero Sugar Fruity Bites, 6 pack+, online at Amazon",AMAZON,WELCHS FRUIT SNACKS,Fruit & Vegetable Snacks,7934,,,
180,"PepsiCo® Variety Pack, select varieties, at Amazon Storefront*",AMAZON,PEPSI,Carbonated Soft Drinks,53604,,,
181,Spend $100 at Vons,VONS,VONS,Spirits,39,2e390809-d293-43d2-bfa3-56b06d24b3e1,Rum,Spirits
182,Spend $100 at Vons,VONS,VONS,Spirits,39,79e71bb6-c6f8-4782-9e2c-aa535c8d06d7,Vodka,Spirits
183,Spend $15 at Subway,SUBWAY,SUBWAY,Cooking & Baking,762,,,
184,Spend $35 at Fresh Thyme Market,FRESH THYME,FRESH THYME MARKET,,,,,
185,Sign up for The Club Card or The Club+ Card full-priced membership* (New Members Only),BJS WHOLESALE,BJS WHOLESALE,Cooking & Baking,76,,,
186,"Marinela® sweet baked goods, buy 2",,MARINELA,Cookies,3186,,,
187,"Marinela® sweet baked goods, buy 2",,MARINELA,Snack Cakes,3132,,,
188,"Marinela® sweet baked goods, buy 2",,MARINELA,Candy,254,c99c5725-4d9b-404a-8438-5cf1dc4f12c3,Gum,Candy
189,"Back to the Roots Soils, select varieties and sizes, at Walmart",WALMART,BACK TO THE ROOTS,Packaged Meals & Sides,146,,,
190,"Any General Mills™ products, spend $60",,ANNIES HOMEGROWN,,,,,
191,"Welch's® Fruit Snacks, select varieties, 6 count+, buy 3",,WELCHS FRUIT SNACKS,Fruit & Vegetable Snacks,7934,,,
192,Spend $90 at Tom Thumb,TOM THUMB,TOM THUMB,,,,,
193,Spend $5 on single-serve prepared food items at Casey's,CASEYS GENERAL STORE,CASEYS GENERAL STORE,Cooking & Baking,58,,,
194,Spend $5 on single-serve prepared food items at Casey's,CASEYS GENERAL STORE,CASEYS GENERAL STORE,Frozen Pizza & Pizza Snacks,42,,,
195,"Coors Light®, Miller Lite® OR VIZZY™ 12 pack+",,VIZZY,"Hard Seltzers, Sodas, Waters, Lemonades & Teas",1385,,,
196,"Coors Light®, Miller Lite® OR VIZZY™ 12 pack+",,VIZZY,Malt Beverages,857,,,
197,"Cooked Perfect® Meatballs, Homestyle OR Turkey, at Walmart",WALMART,COOKED PERFECT,Frozen Chicken,253,,,
198,12 Pack OR 2 Liter AND Whole Pizza Pie at Casey's,CASEYS GENERAL STORE,CASEYS GENERAL STORE,Cooking & Baking,58,,,
199,12 Pack OR 2 Liter AND Whole Pizza Pie at Casey's,CASEYS GENERAL STORE,CASEYS GENERAL STORE,Frozen Pizza & Pizza Snacks,42,,,
200,"General Mills™ products, select brands, spend $7 at Convenience Stores",,ANNIES HOMEGROWN GROCERY,Cheese,1489,,,
201,"General Mills™ products, select brands, spend $7 at Convenience Stores",,ANNIES HOMEGROWN GROCERY,Crackers,961,,,
202,"General Mills™ products, select brands, spend $7 at Convenience Stores",,ANNIES HOMEGROWN GROCERY,Fruit & Vegetable Snacks,228,,,
203,"General Mills™ products, select brands, spend $7 at Convenience Stores",,ANNIES HOMEGROWN GROCERY,Dressings,208,,,
204,"General Mills™ products, select brands, spend $7 at Convenience Stores",,ANNIES HOMEGROWN GROCERY,Cooking & Baking,106,,,
205,"General Mills™ products, select brands, spend $7 at Convenience Stores",,ANNIES HOMEGROWN GROCERY,Refrigerated Doughs,92,,,
206,"General Mills™ products, select brands, spend $7 at Convenience Stores",,ANNIES HOMEGROWN GROCERY,Packaged Vegetables,56,,,
207,"General Mills™ products, select brands, spend $7 at Convenience Stores",,ANNIES HOMEGROWN GROCERY,Frozen Meals,52,,,
208,"General Mills™ products, select brands, spend $7 at Convenience Stores",,ANNIES HOMEGROWN GROCERY,Chips,48,,,
209,"General Mills™ products, select brands, spend $7 at Convenience Stores",,ANNIES HOMEGROWN GROCERY,Frozen Pizza & Pizza Snacks,38,,,
210,"General Mills™ products, select brands, spend $7 at Convenience Stores",,ANNIES HOMEGROWN GROCERY,"Cereal, Granola, & Toaster Pastries",32,,,
211,"General Mills™ products, select brands, spend $7 at Convenience Stores",,ANNIES HOMEGROWN GROCERY,Bread,20,,,
212,"General Mills™ products, select brands, spend $7 at Convenience Stores",,ANNIES HOMEGROWN GROCERY,Frozen Breakfast,18,,,
213,"General Mills™ products, select brands, spend $7 at Convenience Stores",,ANNIES HOMEGROWN GROCERY,Cookies,15,,,
214,"General Mills™ products, select brands, spend $7 at Convenience Stores",,ANNIES HOMEGROWN GROCERY,Soup & Broth,14,,,
215,Gillette Venus ® for Pubic Hair & Skin,,GILLETTE VENUS,Hair Removal,12805,,,
216,"Barilla® Pasta, select varieties, buy 2",,BARILLA,Dry Pasta,25852,,,
217,"Barilla® Pasta, select varieties, buy 2",,BARILLA,Chips,5816,,,
218,"Barilla® Pasta, select varieties, buy 2",,BARILLA,Red Pasta Sauce,581,,,
219,"Barilla® Pasta, select varieties, buy 2",,BARILLA,Pesto Sauce,525,,,
220,Little Bites® Spend $10 at Walmart®,WALMART,ENTENMANNS,Snack Cakes,21898,,,
221,Little Bites® Spend $10 at Walmart®,WALMART,ENTENMANNS,Cookies,382,,,
222,Little Bites® Spend $10 at Walmart®,WALMART,ENTENMANNS,Wine,142,,,
223,Little Bites® Spend $10 at Walmart®,WALMART,ENTENMANNS,Bakery,47,,,
224,Envy Apples pre-packed bags,,ENVY,Sauces & Marinades,418,,,
225,Envy Apples pre-packed bags,,ENVY,Candy,25,c99c5725-4d9b-404a-8438-5cf1dc4f12c3,Gum,Candy
226,Shop 2 times at Tom Thumb,TOM THUMB,TOM THUMB,,,,,
227,"Ben & Jerry's Frozen Creme Brulee Non Dairy Dessert, 16 ounce",,BEN AND JERRYS,Frozen Desserts,18085,,,
228,"Purex® laundry detergent, select varieties, at Walmart",WALMART,PUREX,Laundry Supplies,18,,,
229,Whole Pizza at Casey's,CASEYS GENERAL STORE,CASEYS GENERAL STORE,Cooking & Baking,58,,,
230,Whole Pizza at Casey's,CASEYS GENERAL STORE,CASEYS GENERAL STORE,Frozen Pizza & Pizza Snacks,42,,,
231,Shop 2 times at Safeway,SAFEWAY,SAFEWAY,Candy,529,c99c5725-4d9b-404a-8438-5cf1dc4f12c3,Gum,Candy
232,"Any General Mills™ products, spend $30",,ANNIES HOMEGROWN,,,,,
233,"Ben & Jerry's® Doggie Desserts, 4 count",,BEN AND JERRYS,Frozen Desserts,18085,,,
234,Sol® 6 pack+,,SOL CERVEZA,Beer,74,,,
235,"George's Farmers Market Chicken Wings, at Sam's Club",SAMS CLUB,GEORGES FARMERS MARKET,,,,,
236,"Michael Angelo's® OR Rao's® Frozen Entrees, spend $10",,RAO'S,Sauces & Marinades,2382,,,
237,"Michael Angelo's® OR Rao's® Frozen Entrees, spend $10",,RAO'S,Dry Pasta,512,,,
238,"Michael Angelo's® OR Rao's® Frozen Entrees, spend $10",,RAO'S,Frozen Meals,498,,,
239,"Michael Angelo's® OR Rao's® Frozen Entrees, spend $10",,RAO'S,Alfredo & White Pasta Sauce,276,,,
240,"Michael Angelo's® OR Rao's® Frozen Entrees, spend $10",,RAO'S,Red Pasta Sauce,167,,,
241,"Michael Angelo's® OR Rao's® Frozen Entrees, spend $10",,RAO'S,Pasta & Noodles,113,e8d9c191-47c0-46eb-affd-34b08a44ebbc,Dry Pasta,Pasta & Noodles
242,"Michael Angelo's® OR Rao's® Frozen Entrees, spend $10",,RAO'S,Pasta & Noodles,113,111bf216-d1df-4251-98b2-7bfa441d1bc0,Fresh Pasta,Pasta & Noodles
243,"Michael Angelo's® OR Rao's® Frozen Entrees, spend $10",,RAO'S,Frozen Pizza & Pizza Snacks,53,,,
244,"Sargento Sliced Cheese, spend $25",,SARGENTO,Cheese,22912,,,
245,"Sargento Sliced Cheese, spend $12",,SARGENTO,Cheese,22912,,,
246,Country Crock® Plant Based Butter at Walmart,WALMART,COUNTRY CROCK PLANT BUTTER,Nut Butters & Jam,2130,,,
247,"Perfect Keto Beauty + Sleep Collagen, online at Amazon",AMAZON,PERFECT KETO,Medicines & Treatments,171,,,
248,"Perfect Keto Beauty + Sleep Collagen, online at Amazon",AMAZON,PERFECT KETO,Nuts & Seeds,26,,,
249,"DOVE® chocolate, select varieties",,DOVE CHOCOLATE,Candy,3730,c99c5725-4d9b-404a-8438-5cf1dc4f12c3,Gum,Candy
250,Simply Spiked™ 12 pack+,,SIMPLY SPIKED,Malt Beverages,2017,,,
251,Simply Spiked™ 12 pack+,,SIMPLY SPIKED,"Hard Seltzers, Sodas, Waters, Lemonades & Teas",661,,,
252,"Perfect Keto Bars, online at Amazon",AMAZON,PERFECT KETO,Medicines & Treatments,171,,,
253,"Perfect Keto Bars, online at Amazon",AMAZON,PERFECT KETO,Nuts & Seeds,26,,,
254,"Gillette Venus ® for Pubic Hair & Skin, spend $20",,GILLETTE VENUS,Hair Removal,12805,,,
255,AleveX™ at Walmart,WALMART,ALEVE,Medicines & Treatments,2594,,,
256,"Envy Apples, pre-packed bags",,ENVY,Sauces & Marinades,418,,,
257,"Envy Apples, pre-packed bags",,ENVY,Candy,25,c99c5725-4d9b-404a-8438-5cf1dc4f12c3,Gum,Candy
258,"Ben & Jerry's Frozen Sugar Cookie Dough Chunks, 8 ounce",,BEN AND JERRYS,Frozen Desserts,18085,,,
259,"L’Oréal Paris Men Expert hair color, spend $9 at Walmart",WALMART,LOREAL PARIS HAIR COLOR,Hair Care,542,,,
260,"Reese's Peanut Butter Bar, 6 count, at GIANT OR MARTIN’S",THE GIANT CO,GOOD HUMOR,Frozen Desserts,1052,,,
261,"Reese's Peanut Butter Bar, 6 count, at GIANT OR MARTIN’S",THE GIANT CO,GOOD HUMOR,Dips & Salsa,596,,,
262,"Magnum Non-Dairy Hazelnut Crunch Ice Cream Bars, 3 count",,MAGNUM ICE CREAM,Frozen Desserts,2257,,,
263,"Butterball, select varieties, spend $10 at Fred Meyer",FRED MEYER,BUTTERBALL,Nut Butters & Jam,2107,,,
264,"Butterball, select varieties, spend $10 at Fred Meyer",FRED MEYER,BUTTERBALL,Frozen Turkey,388,,,
265,"Thomas'® Bagel Thins®, buy 2",,THOMAS,Bread,26490,,,
266,"Thomas'® Bagel Thins®, buy 2",,THOMAS,Frozen Breakfast,258,,,
267,"Thomas'® Bagel Thins®, buy 2",,THOMAS,Bakery,24,,,
268,Spend $60 at TGI Friday's,TGI FRIDAYS,TGI FRIDAYS,Spirits,245,2e390809-d293-43d2-bfa3-56b06d24b3e1,Rum,Spirits
269,Spend $60 at TGI Friday's,TGI FRIDAYS,TGI FRIDAYS,Spirits,245,79e71bb6-c6f8-4782-9e2c-aa535c8d06d7,Vodka,Spirits
270,Spend $60 at TGI Friday's,TGI FRIDAYS,TGI FRIDAYS,Malt Beverages,33,,,
271,"Artesano® buns, buy 2 at Walmart®",WALMART,SARA LEE ARTESANO,Bakery,7912,,,
272,"Artesano® buns, buy 2 at Walmart®",WALMART,SARA LEE ARTESANO,Bread,1806,,,
273,"STARBURST®, select sizes, buy 1",,STARBURST,Candy,11713,c99c5725-4d9b-404a-8438-5cf1dc4f12c3,Gum,Candy
274,"STARBURST®, select sizes, buy 1",,STARBURST,Fruit & Vegetable Snacks,486,,,
275,"STARBURST®, select sizes, buy 1",,STARBURST,Gum,81,,,
276,Fresh Step® Outstretch® Cat Litter,,FRESH STEP,Medicines & Treatments,2445,,,
277,Fresh Step® Outstretch® Cat Litter,,FRESH STEP,Bakery,1717,,,
278,Fresh Step® Outstretch® Cat Litter,,FRESH STEP,Makeup,256,,,
279,Fresh Step® Outstretch® Cat Litter,,FRESH STEP,Bath & Body,109,,,
280,Fresh Step® Outstretch® Cat Litter,,FRESH STEP,Cooking & Baking,44,,,
281,Fresh Step® Outstretch® Cat Litter,,FRESH STEP,Hair Care,40,,,
282,"Sara Lee® or Alfaros® Artesano bread, spend $8",,ALFAROS,Bakery,783,,,
283,"Sara Lee® or Alfaros® Artesano bread, spend $8",,ALFAROS,Bread,583,,,
284,"Back to the Roots Dry Plant Food, 5 pounds, at The Home Depot",THE HOME DEPOT,BACK TO THE ROOTS,Packaged Meals & Sides,146,,,
285,"Burt's Bees Sensitive Lotions and Creams, select varieties, at Walmart",WALMART,BURTS BEES,Makeup,1210,,,
286,"Burt's Bees Sensitive Lotions and Creams, select varieties, at Walmart",WALMART,BURTS BEES,Skin Care,160,,,
287,"Burt's Bees Sensitive Lotions and Creams, select varieties, at Walmart",WALMART,BURTS BEES,Hair Removal,90,,,
288,"Durex® Massage & Play 2 in 1 Pleasure Gel, select varieties, at Walmart or Target",TARGET,DUREX,Medicines & Treatments,376,,,
289,"Durex® Massage & Play 2 in 1 Pleasure Gel, select varieties, at Walmart or Target",TARGET,DUREX,Sexual Health,12,,,
290,"Coors Light®, Miller Lite® OR VIZZY™ 12 packs+, buy 4",,VIZZY,"Hard Seltzers, Sodas, Waters, Lemonades & Teas",1385,,,
291,"Coors Light®, Miller Lite® OR VIZZY™ 12 packs+, buy 4",,VIZZY,Malt Beverages,857,,,
292,LIFE SAVERS®,,LIFESAVERS,Candy,14431,c99c5725-4d9b-404a-8438-5cf1dc4f12c3,Gum,Candy
293,"Butterball, select varieties, spend $10 at Kroger",KROGER,BUTTERBALL,Nut Butters & Jam,2107,,,
294,"Butterball, select varieties, spend $10 at Kroger",KROGER,BUTTERBALL,Frozen Turkey,388,,,
295,"RESPAWN® by 5® GUM, at Walmart",WALMART,5 GUM,Gum,4813,,,
296,"Back to the Roots Garden Soil, 1 cubic foot, at Lowe's Home Improvement",LOWES HOME IMPROVEMENT,BACK TO THE ROOTS,Packaged Meals & Sides,146,,,
297,"SiO® Beauty Patches, online at Siobeauty.com",SIOBEAUTY.COM,SIO BEAUTY,,,,,
298,Wesson® Oil Products,,WESSON,Cooking & Baking,1416,,,
299,"Bubbies Pickles, Sauerkraut, and Condiments at Whole Foods or Sprouts",SPROUTS FARMERS MARKET,BUBBIES,Prepared Meals,600,,,
300,Michael Angelo's® Sauce at Walmart,WALMART,MICHAEL ANGELO'S,Frozen Meals,461,,,
301,Michael Angelo's® Sauce at Walmart,WALMART,MICHAEL ANGELO'S,Sauces & Marinades,27,,,
302,Spend $155 at Pavilions,PAVILIONS,PAVILIONS,Cooking & Baking,15,,,
303,CESAR® Wet Dog Food Singles,,CESAR,Cooking & Baking,2454,,,
304,CESAR® Wet Dog Food Singles,,CESAR,Sauces & Marinades,379,,,
305,CESAR® Wet Dog Food Singles,,CESAR,Dog Supplies,234,,,
306,CESAR® Wet Dog Food Singles,,CESAR,Frozen Chicken,95,,,
307,Spend $90 at ACME,ACME,ACME,Medicines & Treatments,449,,,
308,"Hidden Valley® Ranch Seasoning Mix Packet, 1 count",,HIDDEN VALLEY RANCH,Dips & Salsa,10661,,,
309,"Hidden Valley® Ranch Seasoning Mix Packet, 1 count",,HIDDEN VALLEY RANCH,Sauces & Marinades,1537,,,
310,"Hidden Valley® Ranch Seasoning Mix Packet, 1 count",,HIDDEN VALLEY RANCH,Cooking & Baking,237,,,
311,"Sargento® products, select varieties",,SARGENTO,Cheese,22912,,,
312,"Welch's® Fruit Snacks, 250 count, online at Amazon",AMAZON,WELCHS FRUIT SNACKS,Fruit & Vegetable Snacks,7934,,,
313,"Ben & Jerry's®, select varieties",,BEN AND JERRYS,Frozen Desserts,18085,,,
314,Simply Spiked™ Signature Peach 12 pack+,,SIMPLY SPIKED,Malt Beverages,2017,,,
315,Simply Spiked™ Signature Peach 12 pack+,,SIMPLY SPIKED,"Hard Seltzers, Sodas, Waters, Lemonades & Teas",661,,,
316,"Beech-Nut snacks, select varieties",,BEECHNUT,Crackers,3732,,,
317,"Beech-Nut snacks, select varieties",,BEECHNUT,Fruit & Vegetable Snacks,355,,,
318,"Beech-Nut snacks, select varieties",,BEECHNUT,Nuts & Seeds,45,,,
319,"Beech-Nut snacks, select varieties",,BEECHNUT,Cookies,24,,,
320,"Sargento® products, select varieties, buy 3",,SARGENTO,Cheese,22912,,,
321,Spend $250 at ACME,ACME,ACME,Medicines & Treatments,449,,,
322,Wings OR Cheesy Breadsticks at Casey's,CASEYS GENERAL STORE,CASEYS GENERAL STORE,Cooking & Baking,58,,,
323,Wings OR Cheesy Breadsticks at Casey's,CASEYS GENERAL STORE,CASEYS GENERAL STORE,Frozen Pizza & Pizza Snacks,42,,,
324,"Butterball, select varieties, spend $10 at Smith's",SMITHS,BUTTERBALL,Nut Butters & Jam,2107,,,
325,"Butterball, select varieties, spend $10 at Smith's",SMITHS,BUTTERBALL,Frozen Turkey,388,,,
326,"Perfect Keto Collagen Peptides, online at Amazon",AMAZON,PERFECT KETO,Medicines & Treatments,171,,,
327,"Perfect Keto Collagen Peptides, online at Amazon",AMAZON,PERFECT KETO,Nuts & Seeds,26,,,
328,"Perfect Keto MCT Oil Powder, online at Amazon",AMAZON,PERFECT KETO,Medicines & Treatments,171,,,
329,"Perfect Keto MCT Oil Powder, online at Amazon",AMAZON,PERFECT KETO,Nuts & Seeds,26,,,
330,Hellmann's® OR Best Foods® AND Sargento® Cheese Slices,,HELLMANNS BEST FOODS,Condiments,7427,,,
331,Hellmann's® OR Best Foods® AND Sargento® Cheese Slices,,HELLMANNS BEST FOODS,Sauces & Marinades,49,,,
332,Hellmann's® OR Best Foods® AND Sargento® Cheese Slices,,HELLMANNS BEST FOODS,Dressings,12,,,
333,Brita® Pitcher AND Filter,,BRITA,Water,24,,,
334,Brita® Pitcher AND Filter,,BRITA,Household Supplies,20,a55443a3-8852-4b1c-818b-10046614496c,Household Cleaning Supplies,Household Supplies
335,Brita® Pitcher AND Filter,,BRITA,Household Supplies,20,87b8ae7a-5a8b-43f1-a4ee-a1fdb3bc068c,Household Supplies,Household Supplies
336,Brita® Pitcher AND Filter,,BRITA,Household Supplies,20,dc7b8939-091d-43c0-bd23-454be9e4995a,Pest Control,Household Supplies
337,Brita® Pitcher AND Filter,,BRITA,Household Supplies,20,5d4a0ce8-cc6b-4b18-bf36-d35026ec60ec,Food Storage,Household Supplies
338,Brita® Pitcher AND Filter,,BRITA,Household Supplies,20,1f782a22-5092-48ab-907c-847bf2fd4468,Laundry Supplies,Household Supplies
339,Spend $90 at Star Market,STAR MARKET,STAR MARKET,Cooking & Baking,35,,,
340,"SNICKERS®, select sizes, buy 1",,SNICKERS,Candy,23740,c99c5725-4d9b-404a-8438-5cf1dc4f12c3,Gum,Candy
341,"Kodiak® products, select varieties, spend $10",,KODIAK CAKES FLAPJACK & WAFFLE MIX,"Cereal, Granola, & Toaster Pastries",104,,,
342,Bays® English Muffins,,BAYS,Bread,1066,,,
343,"Super Coffee, 12 ounce single serve, buy 3",,SUPER COFFEE,Coffee,1232,,,
344,"Sara Lee® bread select varieties, buy 2",WALMART,SARA LEE,Bread,18136,,,
345,"Sara Lee® bread select varieties, buy 2",WALMART,SARA LEE,Cheese,1028,,,
346,"Sara Lee® bread select varieties, buy 2",WALMART,SARA LEE,Bakery,916,,,
347,"Sara Lee® bread select varieties, buy 2",WALMART,SARA LEE,"Cereal, Granola, & Toaster Pastries",28,,,
348,"Sara Lee® bread select varieties, buy 2",WALMART,SARA LEE,Frozen Desserts,26,,,
349,GOYA® Coconut Water,,GOYA,Cooking & Baking,28252,,,
350,GOYA® Coconut Water,,GOYA,Packaged Vegetables,4204,,,
351,GOYA® Coconut Water,,GOYA,Rice & Grains,3469,,,
352,GOYA® Coconut Water,,GOYA,Sauces & Marinades,1056,,,
353,GOYA® Coconut Water,,GOYA,Water,850,,,
354,GOYA® Coconut Water,,GOYA,Packaged Meat,785,,,
355,GOYA® Coconut Water,,GOYA,Frozen Vegetables,512,,,
356,GOYA® Coconut Water,,GOYA,Cookies,471,,,
357,GOYA® Coconut Water,,GOYA,Dry Pasta,450,,,
358,GOYA® Coconut Water,,GOYA,Bread,258,,,
359,GOYA® Coconut Water,,GOYA,Frozen Fruits,256,,,
360,GOYA® Coconut Water,,GOYA,Drink Mixes,252,,,
361,GOYA® Coconut Water,,GOYA,Soup & Broth,186,,,
362,GOYA® Coconut Water,,GOYA,Fruit Juices,171,,,
363,GOYA® Coconut Water,,GOYA,Frozen Meals,138,,,
364,GOYA® Coconut Water,,GOYA,Frozen Appetizers,90,,,
365,GOYA® Coconut Water,,GOYA,Pickled Goods,83,,,
366,GOYA® Coconut Water,,GOYA,Malt Beverages,68,,,
367,GOYA® Coconut Water,,GOYA,Dips & Salsa,61,,,
368,GOYA® Coconut Water,,GOYA,Deli Counter,59,,,
369,GOYA® Coconut Water,,GOYA,Milk,46,,,
370,GOYA® Coconut Water,,GOYA,Pasta & Noodles,40,e8d9c191-47c0-46eb-affd-34b08a44ebbc,Dry Pasta,Pasta & Noodles
371,GOYA® Coconut Water,,GOYA,Pasta & Noodles,40,111bf216-d1df-4251-98b2-7bfa441d1bc0,Fresh Pasta,Pasta & Noodles
372,GOYA® Coconut Water,,GOYA,Frozen Chicken,33,,,
373,GOYA® Coconut Water,,GOYA,Pudding & Gelatin,32,,,
374,GOYA® Coconut Water,,GOYA,Carbonated Soft Drinks,28,,,
375,GOYA® Coconut Water,,GOYA,Frozen Seafood,21,,,
376,GOYA® Coconut Water,,GOYA,Nut Butters & Jam,17,,,
377,GOYA® Coconut Water,,GOYA,Packaged Seafood,17,,,
378,GOYA® Coconut Water,,GOYA,Crackers,12,,,
379,Spend $35 at TGI Friday's,TGI FRIDAYS,TGI FRIDAYS,Spirits,245,2e390809-d293-43d2-bfa3-56b06d24b3e1,Rum,Spirits
380,Spend $35 at TGI Friday's,TGI FRIDAYS,TGI FRIDAYS,Spirits,245,79e71bb6-c6f8-4782-9e2c-aa535c8d06d7,Vodka,Spirits
381,Spend $35 at TGI Friday's,TGI FRIDAYS,TGI FRIDAYS,Malt Beverages,33,,,
382,Spend $110 at Randalls,RANDALLS FOOD MARKETS,RANDALLS,,,,,
383,"Reese's Chocolate Cones, 8 count at GIANT OR MARTIN’S",GIANT FOOD,KLONDIKE,Frozen Desserts,5709,,,
384,"Reese's Chocolate Cones, 8 count at GIANT OR MARTIN’S",GIANT FOOD,KLONDIKE,Frozen Meals,1153,,,
385,Whole Pizza Pie at Casey's,CASEYS GENERAL STORE,CASEYS GENERAL STORE,Cooking & Baking,58,,,
386,Whole Pizza Pie at Casey's,CASEYS GENERAL STORE,CASEYS GENERAL STORE,Frozen Pizza & Pizza Snacks,42,,,
387,Shop 2 times at Star Market,STAR MARKET,STAR MARKET,Cooking & Baking,35,,,
388,"Hidden Valley® Ranch Seasoning, select varieties",,HIDDEN VALLEY RANCH,Dips & Salsa,10661,,,
389,"Hidden Valley® Ranch Seasoning, select varieties",,HIDDEN VALLEY RANCH,Sauces & Marinades,1537,,,
390,"Hidden Valley® Ranch Seasoning, select varieties",,HIDDEN VALLEY RANCH,Cooking & Baking,237,,,
391,"General Mills™ products, select varieties, spend $12",,ANNIES HOMEGROWN GROCERY,Cheese,1489,,,
392,"General Mills™ products, select varieties, spend $12",,ANNIES HOMEGROWN GROCERY,Crackers,961,,,
393,"General Mills™ products, select varieties, spend $12",,ANNIES HOMEGROWN GROCERY,Fruit & Vegetable Snacks,228,,,
394,"General Mills™ products, select varieties, spend $12",,ANNIES HOMEGROWN GROCERY,Dressings,208,,,
395,"General Mills™ products, select varieties, spend $12",,ANNIES HOMEGROWN GROCERY,Cooking & Baking,106,,,
396,"General Mills™ products, select varieties, spend $12",,ANNIES HOMEGROWN GROCERY,Refrigerated Doughs,92,,,
397,"General Mills™ products, select varieties, spend $12",,ANNIES HOMEGROWN GROCERY,Packaged Vegetables,56,,,
398,"General Mills™ products, select varieties, spend $12",,ANNIES HOMEGROWN GROCERY,Frozen Meals,52,,,
399,"General Mills™ products, select varieties, spend $12",,ANNIES HOMEGROWN GROCERY,Chips,48,,,
400,"General Mills™ products, select varieties, spend $12",,ANNIES HOMEGROWN GROCERY,Frozen Pizza & Pizza Snacks,38,,,
401,"General Mills™ products, select varieties, spend $12",,ANNIES HOMEGROWN GROCERY,"Cereal, Granola, & Toaster Pastries",32,,,
402,"General Mills™ products, select varieties, spend $12",,ANNIES HOMEGROWN GROCERY,Bread,20,,,
403,"General Mills™ products, select varieties, spend $12",,ANNIES HOMEGROWN GROCERY,Frozen Breakfast,18,,,
404,"General Mills™ products, select varieties, spend $12",,ANNIES HOMEGROWN GROCERY,Cookies,15,,,
405,"General Mills™ products, select varieties, spend $12",,ANNIES HOMEGROWN GROCERY,Soup & Broth,14,,,
406,Blue Apron Meal Kits,BLUE APRON,BLUE APRON,Cooking & Baking,19,,,
407,"Aleve® products, select varieties, 80 count+ at Walmart",WALMART,ALEVE,Medicines & Treatments,2594,,,
408,"Welch's® Juicefuls® Juicy Fruit Snacks, 14 count, at Target",TARGET,WELCHS FRUIT SNACKS,Fruit & Vegetable Snacks,7934,,,
409,"Welch's® Fruit Snacks, select varieties, 6 count+, buy 2",,WELCHS FRUIT SNACKS,Fruit & Vegetable Snacks,7934,,,
410,"Sign up for McAlister's Deli Rewards, tap for details",MCALISTERS DELI,MCALISTERS DELI,Prepared Meals,36533,,,
411,"Sign up for McAlister's Deli Rewards, tap for details",MCALISTERS DELI,MCALISTERS DELI,Leafy Salads,21413,,,
412,"Sign up for McAlister's Deli Rewards, tap for details",MCALISTERS DELI,MCALISTERS DELI,Tea,19776,,,
413,"Sign up for McAlister's Deli Rewards, tap for details",MCALISTERS DELI,MCALISTERS DELI,Wine,16286,,,
414,"Sign up for McAlister's Deli Rewards, tap for details",MCALISTERS DELI,MCALISTERS DELI,Fruit Juices,11220,,,
415,"Sign up for McAlister's Deli Rewards, tap for details",MCALISTERS DELI,MCALISTERS DELI,Cookies,8133,,,
416,"Sign up for McAlister's Deli Rewards, tap for details",MCALISTERS DELI,MCALISTERS DELI,Carbonated Soft Drinks,7387,,,
417,"Sign up for McAlister's Deli Rewards, tap for details",MCALISTERS DELI,MCALISTERS DELI,Cheese,6224,,,
418,"Sign up for McAlister's Deli Rewards, tap for details",MCALISTERS DELI,MCALISTERS DELI,Chips,5289,,,
419,"Sign up for McAlister's Deli Rewards, tap for details",MCALISTERS DELI,MCALISTERS DELI,Water,4804,,,
420,"Sign up for McAlister's Deli Rewards, tap for details",MCALISTERS DELI,MCALISTERS DELI,Milk,4223,,,
421,"Sign up for McAlister's Deli Rewards, tap for details",MCALISTERS DELI,MCALISTERS DELI,Bakery,2808,,,
422,"Sign up for McAlister's Deli Rewards, tap for details",MCALISTERS DELI,MCALISTERS DELI,Cooking & Baking,2320,,,
423,"Sign up for McAlister's Deli Rewards, tap for details",MCALISTERS DELI,MCALISTERS DELI,Packaged Meals & Sides,2145,,,
424,"Sign up for McAlister's Deli Rewards, tap for details",MCALISTERS DELI,MCALISTERS DELI,Pickled Goods,1987,,,
425,"Sign up for McAlister's Deli Rewards, tap for details",MCALISTERS DELI,MCALISTERS DELI,Soup & Broth,1668,,,
426,"Sign up for McAlister's Deli Rewards, tap for details",MCALISTERS DELI,MCALISTERS DELI,Frozen Chicken,1564,,,
427,"Sign up for McAlister's Deli Rewards, tap for details",MCALISTERS DELI,MCALISTERS DELI,Candy,1262,c99c5725-4d9b-404a-8438-5cf1dc4f12c3,Gum,Candy
428,"Sign up for McAlister's Deli Rewards, tap for details",MCALISTERS DELI,MCALISTERS DELI,Dressings,1059,,,
429,"Sign up for McAlister's Deli Rewards, tap for details",MCALISTERS DELI,MCALISTERS DELI,Coffee,762,,,
430,"Sign up for McAlister's Deli Rewards, tap for details",MCALISTERS DELI,MCALISTERS DELI,Packaged Fruit & Applesauce,464,,,
431,"Sign up for McAlister's Deli Rewards, tap for details",MCALISTERS DELI,MCALISTERS DELI,Fruit & Vegetable Snacks,361,,,
432,"Sign up for McAlister's Deli Rewards, tap for details",MCALISTERS DELI,MCALISTERS DELI,Frozen Meals,351,,,
433,"Sign up for McAlister's Deli Rewards, tap for details",MCALISTERS DELI,MCALISTERS DELI,Sauces & Marinades,247,,,
434,"Sign up for McAlister's Deli Rewards, tap for details",MCALISTERS DELI,MCALISTERS DELI,Dips & Salsa,60,,,
435,"Sign up for McAlister's Deli Rewards, tap for details",MCALISTERS DELI,MCALISTERS DELI,Bread,49,,,
436,"Sign up for McAlister's Deli Rewards, tap for details",MCALISTERS DELI,MCALISTERS DELI,Pasta & Noodles,44,e8d9c191-47c0-46eb-affd-34b08a44ebbc,Dry Pasta,Pasta & Noodles
437,"Sign up for McAlister's Deli Rewards, tap for details",MCALISTERS DELI,MCALISTERS DELI,Pasta & Noodles,44,111bf216-d1df-4251-98b2-7bfa441d1bc0,Fresh Pasta,Pasta & Noodles
438,"Sign up for McAlister's Deli Rewards, tap for details",MCALISTERS DELI,MCALISTERS DELI,Frozen Turkey,24,,,
439,"Arbos Cheese Dip, 12 ounce, buy at Central Market",CENTRAL MARKET,ARBOS,,,,,
440,L'Oréal Paris Excellence Hair Color at Target,TARGET,LOREAL PARIS HAIR COLOR,Hair Care,542,,,
441,"Kradle, select varieties, spend $20 at Walmart",WALMART,KRADLE,Cooking & Baking,91,,,
442,"Kradle, select varieties, spend $20 at Walmart",WALMART,KRADLE,Dog Supplies,19,,,
443,Frozen OR Fountain Drink at Casey's,CASEYS GENERAL STORE,CASEYS GENERAL STORE,Cooking & Baking,58,,,
444,Frozen OR Fountain Drink at Casey's,CASEYS GENERAL STORE,CASEYS GENERAL STORE,Frozen Pizza & Pizza Snacks,42,,,
445,"Arnold, Brownberry, Oroweat® Keto bread, buy 2",,ARNOLD BROWNBERRY OROWEAT,Bread,8390,,,
446,"Arnold, Brownberry, Oroweat® Keto bread, buy 2",,ARNOLD BROWNBERRY OROWEAT,Prepared Meals,86,,,
447,"Arnold, Brownberry, Oroweat® Keto bread, buy 2",,ARNOLD BROWNBERRY OROWEAT,Bakery,20,,,
448,Shop 2 times at Shaw's,SHAWS,SHAWS,Cooking & Baking,28,,,
449,"Welch's®Fruit Snacks, spend $8",,WELCHS FRUIT SNACKS,Fruit & Vegetable Snacks,7934,,,
450,"Children's Astepro® Allergy, 22 count at Dollar General",DOLLAR GENERAL STORE,ASTEPRO,Medicines & Treatments,313,,,
451,Spend $10 in-store at Casey's,CASEYS GENERAL STORE,CASEYS GENERAL STORE,Cooking & Baking,58,,,
452,Spend $10 in-store at Casey's,CASEYS GENERAL STORE,CASEYS GENERAL STORE,Frozen Pizza & Pizza Snacks,42,,,
453,"Fresh bakery item, select varieties, at Casey's",CASEYS GENERAL STORE,CASEYS GENERAL STORE,Cooking & Baking,58,,,
454,"Fresh bakery item, select varieties, at Casey's",CASEYS GENERAL STORE,CASEYS GENERAL STORE,Frozen Pizza & Pizza Snacks,42,,,
455,"SNICKERS® chocolate candy bar, select varieties",,SNICKERS,Candy,23740,c99c5725-4d9b-404a-8438-5cf1dc4f12c3,Gum,Candy
456,Rao's® Frozen Pizza,,RAO'S,Sauces & Marinades,2382,,,
457,Rao's® Frozen Pizza,,RAO'S,Dry Pasta,512,,,
458,Rao's® Frozen Pizza,,RAO'S,Frozen Meals,498,,,
459,Rao's® Frozen Pizza,,RAO'S,Alfredo & White Pasta Sauce,276,,,
460,Rao's® Frozen Pizza,,RAO'S,Red Pasta Sauce,167,,,
461,Rao's® Frozen Pizza,,RAO'S,Pasta & Noodles,113,e8d9c191-47c0-46eb-affd-34b08a44ebbc,Dry Pasta,Pasta & Noodles
462,Rao's® Frozen Pizza,,RAO'S,Pasta & Noodles,113,111bf216-d1df-4251-98b2-7bfa441d1bc0,Fresh Pasta,Pasta & Noodles
463,Rao's® Frozen Pizza,,RAO'S,Frozen Pizza & Pizza Snacks,53,,,
464,"GATORADE® Fast Twitch®, 12-ounce single serve, buy 2 at Kroger",FRED MEYER,GATORADE,Sports Drinks,34829,,,
465,"GATORADE® Fast Twitch®, 12-ounce single serve, buy 2 at Kroger",FRED MEYER,GATORADE,Medicines & Treatments,25275,,,
466,"GATORADE® Fast Twitch®, 12-ounce single serve, buy 2 at Kroger",FRED MEYER,GATORADE,Meal Replacement Beverages,289,,,
467,"Bimbo® sweet baked goods, buy 2",,BIMBO,Snack Cakes,3914,,,
468,"Bimbo® sweet baked goods, buy 2",,BIMBO,Bread,2324,,,
469,"Bimbo® sweet baked goods, buy 2",,BIMBO,Bakery,57,,,
470,"Bimbo® sweet baked goods, buy 2",,BIMBO,Cookies,42,,,
471,Any Shaw's receipt,SHAWS,SHAWS,Cooking & Baking,28,,,
472,"Gorton's, at select retailers",STOP & SHOP,GORTONS,Frozen Seafood,122,,,
473,"Gorton's, at select retailers",STOP & SHOP,GORTONS,Jerky & Dried Meat,14,,,
474,"Gorton's, at select retailers",STOP & SHOP,GORTONS,Frozen Meals,13,,,
475,"Butterball, select varieties, spend $10 at Food 4 Less",FOOD4LESS,BUTTERBALL,Nut Butters & Jam,2107,,,
476,"Butterball, select varieties, spend $10 at Food 4 Less",FOOD4LESS,BUTTERBALL,Frozen Turkey,388,,,
477,NatuChips® Plantain Chips,,NATUCHIPS,Chips,129,,,
478,"Beech-Nut pouches, buy 8",,BEECHNUT,Crackers,3732,,,
479,"Beech-Nut pouches, buy 8",,BEECHNUT,Fruit & Vegetable Snacks,355,,,
480,"Beech-Nut pouches, buy 8",,BEECHNUT,Nuts & Seeds,45,,,
481,"Beech-Nut pouches, buy 8",,BEECHNUT,Cookies,24,,,
482,Spend $45 at Zaxby's,ZAXBYS,ZAXBYS,,,,,
483,"Back to the Roots Raised Bed Gardening Kit with Soil, Seeds and Plant Food, at Target",TARGET,BACK TO THE ROOTS,Packaged Meals & Sides,146,,,
484,"Ben & Jerry's®, select varieties, spend $12",,BEN AND JERRYS,Frozen Desserts,18085,,,
485,Any ACME receipt,ACME,ACME,Medicines & Treatments,449,,,
486,Spend $220 at Tom Thumb,TOM THUMB,TOM THUMB,,,,,
487,"Promised Land Dairy Milk, 52-ounce",,PROMISED LAND DAIRY,Milk,32,,,
488,"Welch's® Fruit 'n Yogurt® Snacks, 18 count, at Walmart",WALMART,WELCHS FRUIT SNACKS,Fruit & Vegetable Snacks,7934,,,
489,Hidden Valley® Ranch Seasoning Shaker,,HIDDEN VALLEY RANCH,Dips & Salsa,10661,,,
490,Hidden Valley® Ranch Seasoning Shaker,,HIDDEN VALLEY RANCH,Sauces & Marinades,1537,,,
491,Hidden Valley® Ranch Seasoning Shaker,,HIDDEN VALLEY RANCH,Cooking & Baking,237,,,
492,"CORE® Hydration, select varieties, at Walmart",WALMART,CORE HYDRATION,Water,4595,,,
493,When you join Costco as a Gold Star Member* (New Members Only),COSTCO,COSTCO,,,,,
494,Whole pizza at Casey's,CASEYS GENERAL STORE,CASEYS GENERAL STORE,Cooking & Baking,58,,,
495,Whole pizza at Casey's,CASEYS GENERAL STORE,CASEYS GENERAL STORE,Frozen Pizza & Pizza Snacks,42,,,
496,Spend $40 at Farmer Boys,FARMER BOYS,FARMER BOYS,,,,,
497,"Colgate® Toothpaste AND Colgate® Toothbrush, select varieties at Walmart or Target",TARGET,COLGATE TOOTHBRUSHES,Oral Care,2172,dd9dfdb2-fa2e-4f6a-b234-c9518212c718,Toothpaste,Oral Care
498,"L'Oréal Paris Hair color, select varieties, spend $25 at Target",TARGET,LOREAL PARIS HAIR COLOR,Hair Care,542,,,
499,"TWIX®, select varieties",,TWIX,Candy,16006,c99c5725-4d9b-404a-8438-5cf1dc4f12c3,Gum,Candy
500,"TWIX®, select varieties",,TWIX,Cookies,121,,,
501,Spend $15 at KFC,KFC,KFC,,,,,
502,Spend $275 at Vons,VONS,VONS,Spirits,39,2e390809-d293-43d2-bfa3-56b06d24b3e1,Rum,Spirits
503,Spend $275 at Vons,VONS,VONS,Spirits,39,79e71bb6-c6f8-4782-9e2c-aa535c8d06d7,Vodka,Spirits
504,"EXTRA®, select varieties",,EXTRA,Gum,12828,,,
505,"Ben & Jerry's® Doggie Desserts, 4 ounce, buy 2",,BEN AND JERRYS,Frozen Desserts,18085,,,
506,"Klondike Cones, spend $10 at Walmart ",WALMART,KLONDIKE,Frozen Desserts,5709,,,
507,"Klondike Cones, spend $10 at Walmart ",WALMART,KLONDIKE,Frozen Meals,1153,,,
508,"Reese's Peanut Butter Bar, 6 count, at GIANT OR MARTIN’S",MARTINS FOODS,GOOD HUMOR,Frozen Desserts,1052,,,
509,"Reese's Peanut Butter Bar, 6 count, at GIANT OR MARTIN’S",MARTINS FOODS,GOOD HUMOR,Dips & Salsa,596,,,
510,"Beyond Steak™ Plant-Based seared tips, 10 ounce at H-E-B",H-E-B,BEYOND MEAT,Plant-Based Meat,1584,,,
511,"Beyond Steak™ Plant-Based seared tips, 10 ounce at H-E-B",H-E-B,BEYOND MEAT,Frozen Plant-Based Meat,313,,,
512,"Beyond Steak™ Plant-Based seared tips, 10 ounce at H-E-B",H-E-B,BEYOND MEAT,Packaged Meat,30,,,
513,"Kradle, select products, online at Chewy.com",CHEWY,KRADLE,Cooking & Baking,91,,,
514,"Kradle, select products, online at Chewy.com",CHEWY,KRADLE,Dog Supplies,19,,,
515,Spend $120 at Star Market,STAR MARKET,STAR MARKET,Cooking & Baking,35,,,
516,Shop 2 times at Vons,VONS,VONS,Spirits,39,2e390809-d293-43d2-bfa3-56b06d24b3e1,Rum,Spirits
517,Shop 2 times at Vons,VONS,VONS,Spirits,39,79e71bb6-c6f8-4782-9e2c-aa535c8d06d7,Vodka,Spirits
518,Wonderworks™ Keto* Friendly Cereal,,WONDERWORKS,"Cereal, Granola, & Toaster Pastries",100,,,
519,"MTN DEW® Kickstart, 16-ounce 12 count, select varieties, at Amazon Storefront*",AMAZON,MOUNTAIN DEW,Carbonated Soft Drinks,68610,,,
520,When you join Costco as an Executive Member* (New Members Only),COSTCO,COSTCO,,,,,
521,"Adult Astepro® Allergy, 22 count at Dollar General",DOLLAR GENERAL STORE,ASTEPRO,Medicines & Treatments,313,,,
522,Shop 2 times at Pavilions,PAVILIONS,PAVILIONS,Cooking & Baking,15,,,
523,"SKITTLES®, select varieties",,SKITTLES,Candy,15809,c99c5725-4d9b-404a-8438-5cf1dc4f12c3,Gum,Candy
524,"SKITTLES®, select varieties",,SKITTLES,Fruit Juices,74,,,
525,"Stubborn Soda OR Bundaberg Ginger Beer, select varieties, at Amazon Storefront*",AMAZON,STUBBORN SODA,Carbonated Soft Drinks,16,,,
526,"BallPark® buns, buy 2",,BALL PARK POP UPS,Bread,9922,,,
527,"BallPark® buns, buy 2",,BALL PARK POP UPS,Bakery,5920,,,
528,12 Pack OR 2 Liter AND Whole Pizza at Casey's,CASEYS GENERAL STORE,CASEYS GENERAL STORE,Cooking & Baking,58,,,
529,12 Pack OR 2 Liter AND Whole Pizza at Casey's,CASEYS GENERAL STORE,CASEYS GENERAL STORE,Frozen Pizza & Pizza Snacks,42,,,
530,Spend $220 at Star Market,STAR MARKET,STAR MARKET,Cooking & Baking,35,,,
531,Frozen OR Fountain Drink at Casey's ,CASEYS GENERAL STORE,CASEYS GENERAL STORE,Cooking & Baking,58,,,
532,Frozen OR Fountain Drink at Casey's ,CASEYS GENERAL STORE,CASEYS GENERAL STORE,Frozen Pizza & Pizza Snacks,42,,,
533,Spend $45 at TGI Friday's,TGI FRIDAYS,TGI FRIDAYS,Spirits,245,2e390809-d293-43d2-bfa3-56b06d24b3e1,Rum,Spirits
534,Spend $45 at TGI Friday's,TGI FRIDAYS,TGI FRIDAYS,Spirits,245,79e71bb6-c6f8-4782-9e2c-aa535c8d06d7,Vodka,Spirits
535,Spend $45 at TGI Friday's,TGI FRIDAYS,TGI FRIDAYS,Malt Beverages,33,,,
536,Visit OR order online from Casey's 3 times,CASEYS GENERAL STORE,CASEYS GENERAL STORE,Cooking & Baking,58,,,
537,Visit OR order online from Casey's 3 times,CASEYS GENERAL STORE,CASEYS GENERAL STORE,Frozen Pizza & Pizza Snacks,42,,,
538,Spend $210 at Randalls,RANDALLS FOOD MARKETS,RANDALLS,,,,,
539,Visit OR order online from Casey's 5 times,CASEYS GENERAL STORE,CASEYS GENERAL STORE,Cooking & Baking,58,,,
540,Visit OR order online from Casey's 5 times,CASEYS GENERAL STORE,CASEYS GENERAL STORE,Frozen Pizza & Pizza Snacks,42,,,
541,Any Tom Thumb receipt,TOM THUMB,TOM THUMB,,,,,
542,"Butterball, select varieties, spend $10 at Fry's Food Store",FRYS FOOD STORE,BUTTERBALL,Nut Butters & Jam,2107,,,
543,"Butterball, select varieties, spend $10 at Fry's Food Store",FRYS FOOD STORE,BUTTERBALL,Frozen Turkey,388,,,
544,"ORBIT®, select sizes, buy 1",,ORBIT,Gum,7268,,,
545,12 pack OR 2 liter AND Whole Pizza at Casey's,CASEYS GENERAL STORE,CASEYS GENERAL STORE,Cooking & Baking,58,,,
546,12 pack OR 2 liter AND Whole Pizza at Casey's,CASEYS GENERAL STORE,CASEYS GENERAL STORE,Frozen Pizza & Pizza Snacks,42,,,
547,"Molson Coors®, select varieties, 12 Pack+, buy 2",,TOPO CHICO HARD SELTZER,"Hard Seltzers, Sodas, Waters, Lemonades & Teas",4175,,,
548,"Thomas'®, select varieties, spend $10",,THOMAS,Bread,26490,,,
549,"Thomas'®, select varieties, spend $10",,THOMAS,Frozen Breakfast,258,,,
550,"Thomas'®, select varieties, spend $10",,THOMAS,Bakery,24,,,
551,"Beyond Steak™ Plant-Based seared tips, 10 ounce, buy 2 at Target",TARGET,BEYOND MEAT,Plant-Based Meat,1584,,,
552,"Beyond Steak™ Plant-Based seared tips, 10 ounce, buy 2 at Target",TARGET,BEYOND MEAT,Frozen Plant-Based Meat,313,,,
553,"Beyond Steak™ Plant-Based seared tips, 10 ounce, buy 2 at Target",TARGET,BEYOND MEAT,Packaged Meat,30,,,
554,Whole Pizza at Casey's ,CASEYS GENERAL STORE,CASEYS GENERAL STORE,Cooking & Baking,58,,,
555,Whole Pizza at Casey's ,CASEYS GENERAL STORE,CASEYS GENERAL STORE,Frozen Pizza & Pizza Snacks,42,,,
556,"EXTRA®, select sizes",,EXTRA,Gum,12828,,,
557,Gorton's at select retailers,STOP & SHOP,GORTONS,Frozen Seafood,122,,,
558,Gorton's at select retailers,STOP & SHOP,GORTONS,Jerky & Dried Meat,14,,,
559,Gorton's at select retailers,STOP & SHOP,GORTONS,Frozen Meals,13,,,
560,Brita® Standard OR Elite Filters,,BRITA,Water,24,,,
561,Brita® Standard OR Elite Filters,,BRITA,Household Supplies,20,a55443a3-8852-4b1c-818b-10046614496c,Household Cleaning Supplies,Household Supplies
562,Brita® Standard OR Elite Filters,,BRITA,Household Supplies,20,87b8ae7a-5a8b-43f1-a4ee-a1fdb3bc068c,Household Supplies,Household Supplies
563,Brita® Standard OR Elite Filters,,BRITA,Household Supplies,20,dc7b8939-091d-43c0-bd23-454be9e4995a,Pest Control,Household Supplies
564,Brita® Standard OR Elite Filters,,BRITA,Household Supplies,20,5d4a0ce8-cc6b-4b18-bf36-d35026ec60ec,Food Storage,Household Supplies
565,Brita® Standard OR Elite Filters,,BRITA,Household Supplies,20,1f782a22-5092-48ab-907c-847bf2fd4468,Laundry Supplies,Household Supplies
566,Spend $300 at Shaws,SHAWS,SHAWS,Cooking & Baking,28,,,
567,Spend $50 at Fresh Thyme Market,FRESH THYME MARKET,FRESH THYME MARKET,,,,,
568,"Starry™ Lemon Lime Soda multipacks, at Kroger",DILLONS GROCERY,STARRY,Carbonated Soft Drinks,2851,,,
569,"Barilla® pasta, select varieties, buy 3",,BARILLA,Dry Pasta,25852,,,
570,"Barilla® pasta, select varieties, buy 3",,BARILLA,Chips,5816,,,
571,"Barilla® pasta, select varieties, buy 3",,BARILLA,Red Pasta Sauce,581,,,
572,"Barilla® pasta, select varieties, buy 3",,BARILLA,Pesto Sauce,525,,,
573,"Fresh Bakery Products at Casey's, select varieties",CASEYS GENERAL STORE,CASEYS GENERAL STORE,Cooking & Baking,58,,,
574,"Fresh Bakery Products at Casey's, select varieties",CASEYS GENERAL STORE,CASEYS GENERAL STORE,Frozen Pizza & Pizza Snacks,42,,,
575,"Coors Light®, Miller Lite® OR VIZZY™ 12 packs+, buy 2",,VIZZY,"Hard Seltzers, Sodas, Waters, Lemonades & Teas",1385,,,
576,"Coors Light®, Miller Lite® OR VIZZY™ 12 packs+, buy 2",,VIZZY,Malt Beverages,857,,,
577,"Kradle, select varieties, online at Amazon",AMAZON,KRADLE,Cooking & Baking,91,,,
578,"Kradle, select varieties, online at Amazon",AMAZON,KRADLE,Dog Supplies,19,,,
579,"Starry™ Lemon Lime Soda, 7.5-ounce 10 pack, at Amazon Storefront*",AMAZON,STARRY,Carbonated Soft Drinks,2851,,,
580,"EVOLVE® Plant-Based Protein Shake, 4 count, select varieties, at Whole Foods",WHOLE FOODS MARKET,EVOLVE,Carbonated Soft Drinks,1242,,,
581,"EVOLVE® Plant-Based Protein Shake, 4 count, select varieties, at Whole Foods",WHOLE FOODS MARKET,EVOLVE,Meal Replacement Beverages,37,,,
582,"EVOLVE® Plant-Based Protein Shake, 4 count, select varieties, at Whole Foods",WHOLE FOODS MARKET,EVOLVE,Frozen Turkey,20,,,
583,"Burt's Bee's® Facial Wipes, select varieties, 30 count at Walmart",WALMART,BURTS BEES,Makeup,1210,,,
584,"Burt's Bee's® Facial Wipes, select varieties, 30 count at Walmart",WALMART,BURTS BEES,Skin Care,160,,,
585,"Burt's Bee's® Facial Wipes, select varieties, 30 count at Walmart",WALMART,BURTS BEES,Hair Removal,90,,,
586,"Aleve® products AND AleveX™, select varieties, at Walmart",WALMART,ALEVE,Medicines & Treatments,2594,,,
587,"Beyond Meat® Plant-Based products, spend $15",,BEYOND MEAT,Plant-Based Meat,1584,,,
588,"Beyond Meat® Plant-Based products, spend $15",,BEYOND MEAT,Frozen Plant-Based Meat,313,,,
589,"Beyond Meat® Plant-Based products, spend $15",,BEYOND MEAT,Packaged Meat,30,,,
590,"GOYA® Adobo Seasoning, 8 ounce+",,GOYA,Cooking & Baking,28252,,,
591,"GOYA® Adobo Seasoning, 8 ounce+",,GOYA,Packaged Vegetables,4204,,,
592,"GOYA® Adobo Seasoning, 8 ounce+",,GOYA,Rice & Grains,3469,,,
593,"GOYA® Adobo Seasoning, 8 ounce+",,GOYA,Sauces & Marinades,1056,,,
594,"GOYA® Adobo Seasoning, 8 ounce+",,GOYA,Water,850,,,
595,"GOYA® Adobo Seasoning, 8 ounce+",,GOYA,Packaged Meat,785,,,
596,"GOYA® Adobo Seasoning, 8 ounce+",,GOYA,Frozen Vegetables,512,,,
597,"GOYA® Adobo Seasoning, 8 ounce+",,GOYA,Cookies,471,,,
598,"GOYA® Adobo Seasoning, 8 ounce+",,GOYA,Dry Pasta,450,,,
599,"GOYA® Adobo Seasoning, 8 ounce+",,GOYA,Bread,258,,,
600,"GOYA® Adobo Seasoning, 8 ounce+",,GOYA,Frozen Fruits,256,,,
601,"GOYA® Adobo Seasoning, 8 ounce+",,GOYA,Drink Mixes,252,,,
602,"GOYA® Adobo Seasoning, 8 ounce+",,GOYA,Soup & Broth,186,,,
603,"GOYA® Adobo Seasoning, 8 ounce+",,GOYA,Fruit Juices,171,,,
604,"GOYA® Adobo Seasoning, 8 ounce+",,GOYA,Frozen Meals,138,,,
605,"GOYA® Adobo Seasoning, 8 ounce+",,GOYA,Frozen Appetizers,90,,,
606,"GOYA® Adobo Seasoning, 8 ounce+",,GOYA,Pickled Goods,83,,,
607,"GOYA® Adobo Seasoning, 8 ounce+",,GOYA,Malt Beverages,68,,,
608,"GOYA® Adobo Seasoning, 8 ounce+",,GOYA,Dips & Salsa,61,,,
609,"GOYA® Adobo Seasoning, 8 ounce+",,GOYA,Deli Counter,59,,,
610,"GOYA® Adobo Seasoning, 8 ounce+",,GOYA,Milk,46,,,
611,"GOYA® Adobo Seasoning, 8 ounce+",,GOYA,Pasta & Noodles,40,e8d9c191-47c0-46eb-affd-34b08a44ebbc,Dry Pasta,Pasta & Noodles
612,"GOYA® Adobo Seasoning, 8 ounce+",,GOYA,Pasta & Noodles,40,111bf216-d1df-4251-98b2-7bfa441d1bc0,Fresh Pasta,Pasta & Noodles
613,"GOYA® Adobo Seasoning, 8 ounce+",,GOYA,Frozen Chicken,33,,,
614,"GOYA® Adobo Seasoning, 8 ounce+",,GOYA,Pudding & Gelatin,32,,,
615,"GOYA® Adobo Seasoning, 8 ounce+",,GOYA,Carbonated Soft Drinks,28,,,
616,"GOYA® Adobo Seasoning, 8 ounce+",,GOYA,Frozen Seafood,21,,,
617,"GOYA® Adobo Seasoning, 8 ounce+",,GOYA,Nut Butters & Jam,17,,,
618,"GOYA® Adobo Seasoning, 8 ounce+",,GOYA,Packaged Seafood,17,,,
619,"GOYA® Adobo Seasoning, 8 ounce+",,GOYA,Crackers,12,,,
620,"Tyson Products, select varieties, spend $15 at Walmart",WALMART,AIDELLS,Packaged Meat,854,,,
621,Spend $210 at Safeway,SAFEWAY,SAFEWAY,Candy,529,c99c5725-4d9b-404a-8438-5cf1dc4f12c3,Gum,Candy
622,Klondike Cones at Walmart ,WALMART,KLONDIKE,Frozen Desserts,5709,,,
623,Klondike Cones at Walmart ,WALMART,KLONDIKE,Frozen Meals,1153,,,
624,Spend $110 at Albertsons,ALBERTSONS,ALBERTSONS,Candy,150,c99c5725-4d9b-404a-8438-5cf1dc4f12c3,Gum,Candy
625,"Bubbies Pickles, Sauerkraut, OR Condiments at Whole Foods or Sprouts",SPROUTS FARMERS MARKET,BUBBIES,Prepared Meals,600,,,
626,"Sara Lee® or Alfaros® Artesano bread, buy 2",,ALFAROS,Bakery,783,,,
627,"Sara Lee® or Alfaros® Artesano bread, buy 2",,ALFAROS,Bread,583,,,
628,"Beyond Meat® Plant-Based products, spend $20",,BEYOND MEAT,Plant-Based Meat,1584,,,
629,"Beyond Meat® Plant-Based products, spend $20",,BEYOND MEAT,Frozen Plant-Based Meat,313,,,
630,"Beyond Meat® Plant-Based products, spend $20",,BEYOND MEAT,Packaged Meat,30,,,
631,Spend $10 on Casey's branded packaged products,CASEYS GENERAL STORE,CASEYS GENERAL STORE,Cooking & Baking,58,,,
632,Spend $10 on Casey's branded packaged products,CASEYS GENERAL STORE,CASEYS GENERAL STORE,Frozen Pizza & Pizza Snacks,42,,,
633,Any Randalls receipt,RANDALLS FOOD MARKETS,RANDALLS,,,,,
634,"Arber, at Target",TARGET,ARBER,,,,,
635,"Häagen-Dazs®, 28 ounce, at GROCERY* stores",,HAAGEN DAZS,Frozen Desserts,301,,,
636,Spend $130 at ACME,ACME,ACME,Medicines & Treatments,449,,,
637,"Spend $110 on a Full-Priced new Plus Membership and receive an ADDITIONAL 10,000 points",SAMS CLUB,SAMS CLUB,,,,,
638,"Butterball, select varieties, spend $10 at QFC",QFC,BUTTERBALL,Nut Butters & Jam,2107,,,
639,"Butterball, select varieties, spend $10 at QFC",QFC,BUTTERBALL,Frozen Turkey,388,,,
640,Spend $100 at Pavilions,PAVILIONS,PAVILIONS,Cooking & Baking,15,,,
641,"Glad® Trash Bags, 4 OR 8 Gallon",,GLAD,Household Supplies,6822,a55443a3-8852-4b1c-818b-10046614496c,Household Cleaning Supplies,Household Supplies
642,"Glad® Trash Bags, 4 OR 8 Gallon",,GLAD,Household Supplies,6822,87b8ae7a-5a8b-43f1-a4ee-a1fdb3bc068c,Household Supplies,Household Supplies
643,"Glad® Trash Bags, 4 OR 8 Gallon",,GLAD,Household Supplies,6822,dc7b8939-091d-43c0-bd23-454be9e4995a,Pest Control,Household Supplies
644,"Glad® Trash Bags, 4 OR 8 Gallon",,GLAD,Household Supplies,6822,5d4a0ce8-cc6b-4b18-bf36-d35026ec60ec,Food Storage,Household Supplies
645,"Glad® Trash Bags, 4 OR 8 Gallon",,GLAD,Household Supplies,6822,1f782a22-5092-48ab-907c-847bf2fd4468,Laundry Supplies,Household Supplies
646,"Glad® Trash Bags, 4 OR 8 Gallon",,GLAD,Prepared Meals,1350,,,
647,"Glad® Trash Bags, 4 OR 8 Gallon",,GLAD,Crackers,835,,,
648,"Glad® Trash Bags, 4 OR 8 Gallon",,GLAD,Food Storage,268,,,
649,Tostitos® Toppers™,,TOSTITOS,Chips,21401,,,
650,Tostitos® Toppers™,,TOSTITOS,Dips & Salsa,9299,,,
651,Tostitos® Toppers™,,TOSTITOS,Sauces & Marinades,30,,,
652,:ratio™ KETO* Friendly Cereal OR Granola,,RATIO,Yogurt,1131,,,
653,:ratio™ KETO* Friendly Cereal OR Granola,,RATIO,"Cereal, Granola, & Toaster Pastries",1080,,,
654,:ratio™ KETO* Friendly Cereal OR Granola,,RATIO,Nuts & Seeds,120,,,
655,"Burt's Bees® products, select varieties, at Walmart",WALMART,BURTS BEES,Makeup,1210,,,
656,"Burt's Bees® products, select varieties, at Walmart",WALMART,BURTS BEES,Skin Care,160,,,
657,"Burt's Bees® products, select varieties, at Walmart",WALMART,BURTS BEES,Hair Removal,90,,,
658,"Bio-Oil® products, select varieties",,BIO OIL,Skin Care,61,,,
659,"Bio-Oil® products, select varieties",,BIO OIL,Cooking & Baking,41,,,
660,"André® California, Champagne OR Sparkling Wines, 750mL bottle",,ANDRE,Wine,614,,,
661,Spend $20 at Farmer Boys,FARMER BOYS,FARMER BOYS,,,,,
662,"Any General Mills™ products, spend $50",,ANNIES HOMEGROWN,,,,,
663,Chosen Foods® Dressings,,CHOSEN FOODS,Cooking & Baking,450,,,
664,Chosen Foods® Dressings,,CHOSEN FOODS,Dips & Salsa,173,,,
665,Chosen Foods® Dressings,,CHOSEN FOODS,Dressings,44,,,
666,Chosen Foods® Dressings,,CHOSEN FOODS,Condiments,18,,,
667,Spend $30 at Dickey's Barbecue Pit,DICKEYS BARBECUE PIT,DICKEYS BARBECUE PIT,,,,,
668,Degree for Men OR Women Dry Spray,,DEGREE,Deodorant & Antiperspirant,4674,,,
669,"Coors Light®, Miller Lite® OR VIZZY™ 12 packs+, buy 3",,VIZZY,"Hard Seltzers, Sodas, Waters, Lemonades & Teas",1385,,,
670,"Coors Light®, Miller Lite® OR VIZZY™ 12 packs+, buy 3",,VIZZY,Malt Beverages,857,,,
671,Back to the Roots Microgreens Grow Kit OR Seed Refill at Walmart,WALMART,BACK TO THE ROOTS,Packaged Meals & Sides,146,,,
672,Spend $40 at KFC,KFC,KFC,,,,,
673,"Bai® Antioxidant, 6 pack, at Walmart",WALMART,BAI,Fruit Juices,4685,,,
674,"Bai® Antioxidant, 6 pack, at Walmart",WALMART,BAI,Water,2367,,,
675,"Bai® Antioxidant, 6 pack, at Walmart",WALMART,BAI,Drink Mixes,784,,,
676,"Bai® Antioxidant, 6 pack, at Walmart",WALMART,BAI,Tea,52,,,
677,Spend $20 at Dickey's Barbecue Pit,DICKEYS BARBECUE PIT,DICKEYS BARBECUE PIT,,,,,
678,Spend $25 at TGI Friday's,TGI FRIDAYS,TGI FRIDAYS,Spirits,245,2e390809-d293-43d2-bfa3-56b06d24b3e1,Rum,Spirits
679,Spend $25 at TGI Friday's,TGI FRIDAYS,TGI FRIDAYS,Spirits,245,79e71bb6-c6f8-4782-9e2c-aa535c8d06d7,Vodka,Spirits
680,Spend $25 at TGI Friday's,TGI FRIDAYS,TGI FRIDAYS,Malt Beverages,33,,,
681,"L'Oréal Paris Hair color, select varieties, spend $9 at Target",TARGET,LOREAL PARIS HAIR COLOR,Hair Care,542,,,
682,"Sargento Sliced Cheese, spend $18",,SARGENTO,Cheese,22912,,,
683,"SKITTLES®, select sizes",,SKITTLES,Candy,15809,c99c5725-4d9b-404a-8438-5cf1dc4f12c3,Gum,Candy
684,"SKITTLES®, select sizes",,SKITTLES,Fruit Juices,74,,,
685,"LIFESAVERS®, any size, buy 1",,LIFESAVERS,Candy,14431,c99c5725-4d9b-404a-8438-5cf1dc4f12c3,Gum,Candy
686,"L'Oréal Paris Makeup, spend $30 at Target",TARGET,LOREAL PARIS COSMETICS,Makeup,2124,,,
687,Spend $115 at Tom Thumb,TOM THUMB,TOM THUMB,,,,,
688,Any Randalls receipt,RANDALLS,RANDALLS,,,,,
689,Spend $75 at Randalls,RANDALLS,RANDALLS,,,,,
690,Shop 2 times at Randalls,RANDALLS FOOD MARKETS,RANDALLS,,,,,
691,"GATORADE® Fast Twitch®, 12-ounce single serve",,GATORADE,Sports Drinks,34829,,,
692,"GATORADE® Fast Twitch®, 12-ounce single serve",,GATORADE,Medicines & Treatments,25275,,,
693,"GATORADE® Fast Twitch®, 12-ounce single serve",,GATORADE,Meal Replacement Beverages,289,,,
694,Spend $10 at Nekter,NEKTER JUICE BAR,NEKTER,,,,,
695,"Brownie Brittle® Snacks, select varieties, buy 2",,BROWNIE BRITTLE,Bakery,563,,,
696,"Brownie Brittle® Snacks, select varieties, buy 2",,BROWNIE BRITTLE,Cookies,229,,,
697,Cheerios™ Oat Crunch Berry Cereal,,CHEERIOS,"Cereal, Granola, & Toaster Pastries",10876,,,
698,Glad® ForceFlex Max Strength Trash Bags,,GLAD,Household Supplies,6822,a55443a3-8852-4b1c-818b-10046614496c,Household Cleaning Supplies,Household Supplies
699,Glad® ForceFlex Max Strength Trash Bags,,GLAD,Household Supplies,6822,87b8ae7a-5a8b-43f1-a4ee-a1fdb3bc068c,Household Supplies,Household Supplies
700,Glad® ForceFlex Max Strength Trash Bags,,GLAD,Household Supplies,6822,dc7b8939-091d-43c0-bd23-454be9e4995a,Pest Control,Household Supplies
701,Glad® ForceFlex Max Strength Trash Bags,,GLAD,Household Supplies,6822,5d4a0ce8-cc6b-4b18-bf36-d35026ec60ec,Food Storage,Household Supplies
702,Glad® ForceFlex Max Strength Trash Bags,,GLAD,Household Supplies,6822,1f782a22-5092-48ab-907c-847bf2fd4468,Laundry Supplies,Household Supplies
703,Glad® ForceFlex Max Strength Trash Bags,,GLAD,Prepared Meals,1350,,,
704,Glad® ForceFlex Max Strength Trash Bags,,GLAD,Crackers,835,,,
705,Glad® ForceFlex Max Strength Trash Bags,,GLAD,Food Storage,268,,,
706,"GATORADE® Fast Twitch®, 12-ounce single serve, at Kroger",DILLONS GROCERY,GATORADE,Sports Drinks,34829,,,
707,"GATORADE® Fast Twitch®, 12-ounce single serve, at Kroger",DILLONS GROCERY,GATORADE,Medicines & Treatments,25275,,,
708,"GATORADE® Fast Twitch®, 12-ounce single serve, at Kroger",DILLONS GROCERY,GATORADE,Meal Replacement Beverages,289,,,
709,Spend $10 at CVS,CVS,CVS,Medicines & Treatments,39210,,,
710,Spend $10 at CVS,CVS,CVS,Fruit Juices,75,,,
711,Spend $10 at CVS,CVS,CVS,Cooking & Baking,45,,,
712,Spend $10 at CVS,CVS,CVS,Skin Care,44,,,
713,"OxiClean™ Laundry Stain Removers, select varieties at Walmart",WALMART,OXICLEAN,,,,,
714,Country Crock® Plant Based Cream at Walmart,WALMART,COUNTRY CROCK PLANT BUTTER,Nut Butters & Jam,2130,,,
715,2 Pack OR 2 Liter AND Whole Pizza at Casey's,CASEYS GENERAL STORE,CASEYS GENERAL STORE,Cooking & Baking,58,,,
716,2 Pack OR 2 Liter AND Whole Pizza at Casey's,CASEYS GENERAL STORE,CASEYS GENERAL STORE,Frozen Pizza & Pizza Snacks,42,,,
717,Arnold® Grains Almighty,,ARNOLD BROWNBERRY OROWEAT,Bread,8390,,,
718,Arnold® Grains Almighty,,ARNOLD BROWNBERRY OROWEAT,Prepared Meals,86,,,
719,Arnold® Grains Almighty,,ARNOLD BROWNBERRY OROWEAT,Bakery,20,,,
720,"Snuggle® Liquid Fabric Softener, at Walmart",WALMART,SNUGGLE,Household Supplies,2214,a55443a3-8852-4b1c-818b-10046614496c,Household Cleaning Supplies,Household Supplies
721,"Snuggle® Liquid Fabric Softener, at Walmart",WALMART,SNUGGLE,Household Supplies,2214,87b8ae7a-5a8b-43f1-a4ee-a1fdb3bc068c,Household Supplies,Household Supplies
722,"Snuggle® Liquid Fabric Softener, at Walmart",WALMART,SNUGGLE,Household Supplies,2214,dc7b8939-091d-43c0-bd23-454be9e4995a,Pest Control,Household Supplies
723,"Snuggle® Liquid Fabric Softener, at Walmart",WALMART,SNUGGLE,Household Supplies,2214,5d4a0ce8-cc6b-4b18-bf36-d35026ec60ec,Food Storage,Household Supplies
724,"Snuggle® Liquid Fabric Softener, at Walmart",WALMART,SNUGGLE,Household Supplies,2214,1f782a22-5092-48ab-907c-847bf2fd4468,Laundry Supplies,Household Supplies
725,"Hidden Valley® Ranch Night Seasoning Mix, 1 count",,HIDDEN VALLEY RANCH,Dips & Salsa,10661,,,
726,"Hidden Valley® Ranch Night Seasoning Mix, 1 count",,HIDDEN VALLEY RANCH,Sauces & Marinades,1537,,,
727,"Hidden Valley® Ranch Night Seasoning Mix, 1 count",,HIDDEN VALLEY RANCH,Cooking & Baking,237,,,
728,"Kradle, select varieties, at Pet Supplies Plus",PET SUPPLIES PLUS,KRADLE,Cooking & Baking,91,,,
729,"Kradle, select varieties, at Pet Supplies Plus",PET SUPPLIES PLUS,KRADLE,Dog Supplies,19,,,
730,"Back to the Roots Soils, select varieties and sizes, at Lowes",LOWES HOME IMPROVEMENT,BACK TO THE ROOTS,Packaged Meals & Sides,146,,,
731,"Butterball, select varieties, spend $10 at Mariano's",MARIANOS,BUTTERBALL,Nut Butters & Jam,2107,,,
732,"Butterball, select varieties, spend $10 at Mariano's",MARIANOS,BUTTERBALL,Frozen Turkey,388,,,
733,"CORE® Hydration, select varieties, buy 2 at Walmart",WALMART,CORE HYDRATION,Water,4595,,,
734,Spend $40 at Dickey's Barbecue Pit,DICKEYS BARBECUE PIT,DICKEYS BARBECUE PIT,,,,,
735,"General Mills™ snacks, select brands, spend $10",,BUGLES,Chips,3654,,,
736,"Back to the Roots Soils, select varieties, at Walmart or Lowes",LOWES HOME IMPROVEMENT,BACK TO THE ROOTS,Packaged Meals & Sides,146,,,
737,"Barilla® pasta, select varieties, buy 4",,BARILLA,Dry Pasta,25852,,,
738,"Barilla® pasta, select varieties, buy 4",,BARILLA,Chips,5816,,,
739,"Barilla® pasta, select varieties, buy 4",,BARILLA,Red Pasta Sauce,581,,,
740,"Barilla® pasta, select varieties, buy 4",,BARILLA,Pesto Sauce,525,,,
741,"GATORLYTE® OR GATORADE™ Fit Single Serve Bottle, select varieties",,GATORADE,Sports Drinks,34829,,,
742,"GATORLYTE® OR GATORADE™ Fit Single Serve Bottle, select varieties",,GATORADE,Medicines & Treatments,25275,,,
743,"GATORLYTE® OR GATORADE™ Fit Single Serve Bottle, select varieties",,GATORADE,Meal Replacement Beverages,289,,,
744,"Burt's Bees® Sensitive Lotions and Creams, select varieties, at Walmart",WALMART,BURTS BEES,Makeup,1210,,,
745,"Burt's Bees® Sensitive Lotions and Creams, select varieties, at Walmart",WALMART,BURTS BEES,Skin Care,160,,,
746,"Burt's Bees® Sensitive Lotions and Creams, select varieties, at Walmart",WALMART,BURTS BEES,Hair Removal,90,,,
747,"Arber, at Walmart",WALMART,ARBER,,,,,
748,"Coors Light®, Miller Lite® OR VIZZY™ 12 packs+, buy 5",,VIZZY,"Hard Seltzers, Sodas, Waters, Lemonades & Teas",1385,,,
749,"Coors Light®, Miller Lite® OR VIZZY™ 12 packs+, buy 5",,VIZZY,Malt Beverages,857,,,
750,Any Pavilions receipt,PAVILIONS,PAVILIONS,Cooking & Baking,15,,,
751,Back to the Roots Grow Kits at Walmart or The Home Depot,WALMART,BACK TO THE ROOTS,Packaged Meals & Sides,146,,,
752,Any Safeway receipt,SAFEWAY,SAFEWAY,Candy,529,c99c5725-4d9b-404a-8438-5cf1dc4f12c3,Gum,Candy
753,"Welch's® Fruit Snacks, select varieties, 6 count+",,WELCHS FRUIT SNACKS,Fruit & Vegetable Snacks,7934,,,
754,Back to the Roots Grow Hydroponic Grow Kit OR Refill Bundle at Walmart,WALMART,BACK TO THE ROOTS,Packaged Meals & Sides,146,,,
755,"Ben & Jerry's Wake & No Bake Cookie Dough Ice Cream, 16 ounce",,BEN AND JERRYS,Frozen Desserts,18085,,,
756,"ORBIT®, select varieties",,ORBIT,Gum,7268,,,
757,"GATORADE® Fast Twitch®, 12-ounce single serve, buy 2 at Kroger",FOOD4LESS,GATORADE,Sports Drinks,34829,,,
758,"GATORADE® Fast Twitch®, 12-ounce single serve, buy 2 at Kroger",FOOD4LESS,GATORADE,Medicines & Treatments,25275,,,
759,"GATORADE® Fast Twitch®, 12-ounce single serve, buy 2 at Kroger",FOOD4LESS,GATORADE,Meal Replacement Beverages,289,,,
760,"Butterball, select varieties, spend $10 at Pick 'n Save OR Metro Market",PICK N SAVE,BUTTERBALL,Nut Butters & Jam,2107,,,
761,"Butterball, select varieties, spend $10 at Pick 'n Save OR Metro Market",PICK N SAVE,BUTTERBALL,Frozen Turkey,388,,,
762,Hellmann's | Best Foods Vegan Dressing or Spread,,HELLMANNS BEST FOODS,Condiments,7427,,,
763,Hellmann's | Best Foods Vegan Dressing or Spread,,HELLMANNS BEST FOODS,Sauces & Marinades,49,,,
764,Hellmann's | Best Foods Vegan Dressing or Spread,,HELLMANNS BEST FOODS,Dressings,12,,,
765,"Rao's®, Pasta OR Sauce, spend $10",,RAO'S,Sauces & Marinades,2382,,,
766,"Rao's®, Pasta OR Sauce, spend $10",,RAO'S,Dry Pasta,512,,,
767,"Rao's®, Pasta OR Sauce, spend $10",,RAO'S,Frozen Meals,498,,,
768,"Rao's®, Pasta OR Sauce, spend $10",,RAO'S,Alfredo & White Pasta Sauce,276,,,
769,"Rao's®, Pasta OR Sauce, spend $10",,RAO'S,Red Pasta Sauce,167,,,
770,"Rao's®, Pasta OR Sauce, spend $10",,RAO'S,Pasta & Noodles,113,e8d9c191-47c0-46eb-affd-34b08a44ebbc,Dry Pasta,Pasta & Noodles
771,"Rao's®, Pasta OR Sauce, spend $10",,RAO'S,Pasta & Noodles,113,111bf216-d1df-4251-98b2-7bfa441d1bc0,Fresh Pasta,Pasta & Noodles
772,"Rao's®, Pasta OR Sauce, spend $10",,RAO'S,Frozen Pizza & Pizza Snacks,53,,,
773,L'Oreal Paris True Match Foundation at Target,TARGET,LOREAL PARIS COSMETICS,Makeup,2124,,,
774,"Sara Lee® or Alfaros® Artesano bread, spend $20",,ALFAROS,Bakery,783,,,
775,"Sara Lee® or Alfaros® Artesano bread, spend $20",,ALFAROS,Bread,583,,,
776,Spend $220 at Albertsons,ALBERTSONS,ALBERTSONS,Candy,150,c99c5725-4d9b-404a-8438-5cf1dc4f12c3,Gum,Candy
777,"Perfect Keto Super Reds, online at Amazon",AMAZON,PERFECT KETO,Medicines & Treatments,171,,,
778,"Perfect Keto Super Reds, online at Amazon",AMAZON,PERFECT KETO,Nuts & Seeds,26,,,
779,The Rustik Oven® bread,,RUSTIK OVEN,Bread,292,,,
780,Gorton's at select retailers,WALMART,GORTONS,Frozen Seafood,122,,,
781,Gorton's at select retailers,WALMART,GORTONS,Jerky & Dried Meat,14,,,
782,Gorton's at select retailers,WALMART,GORTONS,Frozen Meals,13,,,
783,"Back to the Roots Seeds, at Walmart",WALMART,BACK TO THE ROOTS,Packaged Meals & Sides,146,,,
784,Nature Valley™ Protein Granola,,NATURE VALLEY,Nuts & Seeds,4455,,,
785,Nature Valley™ Protein Granola,,NATURE VALLEY,Crackers,3637,,,
786,Nature Valley™ Protein Granola,,NATURE VALLEY,Nut Butters & Jam,2532,,,
787,Nature Valley™ Protein Granola,,NATURE VALLEY,Cookies,1979,,,
788,Nature Valley™ Protein Granola,,NATURE VALLEY,Candy,1524,c99c5725-4d9b-404a-8438-5cf1dc4f12c3,Gum,Candy
789,Nature Valley™ Protein Granola,,NATURE VALLEY,"Cereal, Granola, & Toaster Pastries",684,,,
790,Nature Valley™ Protein Granola,,NATURE VALLEY,Dips & Salsa,440,,,
791,Nature Valley™ Protein Granola,,NATURE VALLEY,Trail Mix,370,,,
792,Nature Valley™ Protein Granola,,NATURE VALLEY,Fruit & Vegetable Snacks,332,,,
793,Nature Valley™ Protein Granola,,NATURE VALLEY,Chips,105,,,
794,Brita® Pitcher OR Dispenser,,BRITA,Water,24,,,
795,Brita® Pitcher OR Dispenser,,BRITA,Household Supplies,20,a55443a3-8852-4b1c-818b-10046614496c,Household Cleaning Supplies,Household Supplies
796,Brita® Pitcher OR Dispenser,,BRITA,Household Supplies,20,87b8ae7a-5a8b-43f1-a4ee-a1fdb3bc068c,Household Supplies,Household Supplies
797,Brita® Pitcher OR Dispenser,,BRITA,Household Supplies,20,dc7b8939-091d-43c0-bd23-454be9e4995a,Pest Control,Household Supplies
798,Brita® Pitcher OR Dispenser,,BRITA,Household Supplies,20,5d4a0ce8-cc6b-4b18-bf36-d35026ec60ec,Food Storage,Household Supplies
799,Brita® Pitcher OR Dispenser,,BRITA,Household Supplies,20,1f782a22-5092-48ab-907c-847bf2fd4468,Laundry Supplies,Household Supplies
800,Spend $30 at CVS,CVS,CVS,Medicines & Treatments,39210,,,
801,Spend $30 at CVS,CVS,CVS,Fruit Juices,75,,,
802,Spend $30 at CVS,CVS,CVS,Cooking & Baking,45,,,
803,Spend $30 at CVS,CVS,CVS,Skin Care,44,,,
804,"Back to the Roots Organic Kits and Planters, at Target",TARGET,BACK TO THE ROOTS,Packaged Meals & Sides,146,,,
805,"Sir Kensington's® Condiments, buy 2",,SIR KENSINGTONS,Condiments,954,,,
806,"Sir Kensington's® Condiments, buy 2",,SIR KENSINGTONS,Sauces & Marinades,87,,,
807,"Sir Kensington's® Condiments, buy 2",,SIR KENSINGTONS,Dressings,22,,,
808,"Perfect Keto Exogenous Ketones Powder, online at Amazon",AMAZON,PERFECT KETO,Medicines & Treatments,171,,,
809,"Perfect Keto Exogenous Ketones Powder, online at Amazon",AMAZON,PERFECT KETO,Nuts & Seeds,26,,,
810,Select Beverages AND Prepared Food Item at Casey's,CASEYS GENERAL STORE,CASEYS GENERAL STORE,Cooking & Baking,58,,,
811,Select Beverages AND Prepared Food Item at Casey's,CASEYS GENERAL STORE,CASEYS GENERAL STORE,Frozen Pizza & Pizza Snacks,42,,,
812,"Back to the Roots Potting Mix, 1 cubic foot, at Lowe's Home Improvement",LOWES HOME IMPROVEMENT,BACK TO THE ROOTS,Packaged Meals & Sides,146,,,
813,"Barilla® pasta, select varieties, buy 2",,BARILLA,Dry Pasta,25852,,,
814,"Barilla® pasta, select varieties, buy 2",,BARILLA,Chips,5816,,,
815,"Barilla® pasta, select varieties, buy 2",,BARILLA,Red Pasta Sauce,581,,,
816,"Barilla® pasta, select varieties, buy 2",,BARILLA,Pesto Sauce,525,,,
817,Any Star Market receipt,STAR MARKET,STAR MARKET,Cooking & Baking,35,,,
818,"Squirrel, The Bedside Perch, online at Amazon",AMAZON,SQUIRREL,,,,,
819,"Fresh Bakery items, select varieties, at Casey's",CASEYS GENERAL STORE,CASEYS GENERAL STORE,Cooking & Baking,58,,,
820,"Fresh Bakery items, select varieties, at Casey's",CASEYS GENERAL STORE,CASEYS GENERAL STORE,Frozen Pizza & Pizza Snacks,42,,,
821,Ben & Jerry's® Churray For Churros™ Ice Cream,,BEN AND JERRYS,Frozen Desserts,18085,,,
822,Sir Kensington's® Condiments,,SIR KENSINGTONS,Condiments,954,,,
823,Sir Kensington's® Condiments,,SIR KENSINGTONS,Sauces & Marinades,87,,,
824,Sir Kensington's® Condiments,,SIR KENSINGTONS,Dressings,22,,,
825,"Dove Hand Wash, select varieties at Target",TARGET,DOVE,Bath & Body,15821,,,
826,"Dove Hand Wash, select varieties at Target",TARGET,DOVE,Deodorant & Antiperspirant,4648,,,
827,"Dove Hand Wash, select varieties at Target",TARGET,DOVE,Hair Care,1635,,,
828,"Dove Hand Wash, select varieties at Target",TARGET,DOVE,Makeup,13,,,
829,Spend $15 at Burger King,BURGER KING,BURGER KING,Cooking & Baking,272,,,
830,Cameron’s Coffee EcoPods,,CAMERON'S COFFEE,Coffee,393,,,
831,L'Oréal Paris True Match Foundation at Target,TARGET,LOREAL PARIS COSMETICS,Makeup,2124,,,
832,"Sara Lee® Delightful bread, buy 2",,SARA LEE,Bread,18136,,,
833,"Sara Lee® Delightful bread, buy 2",,SARA LEE,Cheese,1028,,,
834,"Sara Lee® Delightful bread, buy 2",,SARA LEE,Bakery,916,,,
835,"Sara Lee® Delightful bread, buy 2",,SARA LEE,"Cereal, Granola, & Toaster Pastries",28,,,
836,"Sara Lee® Delightful bread, buy 2",,SARA LEE,Frozen Desserts,26,,,
837,"Welch's® Juicefuls® Juicy Fruit Snacks, buy 2",,WELCHS FRUIT SNACKS,Fruit & Vegetable Snacks,7934,,,
838,Spend $35 at Subway,SUBWAY,SUBWAY,Cooking & Baking,762,,,
839,"Dixon® Safety Carpenter Pencil, 10 count, at Lowe’s®",LOWES HOME IMPROVEMENT,DIXON,Cooking & Baking,6752,,,
840,"Dixon® Safety Carpenter Pencil, 10 count, at Lowe’s®",LOWES HOME IMPROVEMENT,DIXON,Makeup,1043,,,
841,Spend $115 at Safeway,SAFEWAY,SAFEWAY,Candy,529,c99c5725-4d9b-404a-8438-5cf1dc4f12c3,Gum,Candy
842,"Breyers Reese's Ice Cream, select varieties, at GIANT OR MARTIN’S",MARTINS FOODS,BREYERS,Frozen Desserts,16732,,,
843,"Breyers Reese's Ice Cream, select varieties, at GIANT OR MARTIN’S",MARTINS FOODS,BREYERS,Frozen Breads & Doughs,1678,,,
844,Shop 2 times at Randalls,RANDALLS,RANDALLS,,,,,
845,"Jack Link's®, select varieties",,JACK LINKS,Jerky & Dried Meat,1614,,,
846,"Persil® ProClean®, select varieties, at Walmart",WALMART,PERSIL,,,,,
847,"Back to the Roots Organic 3-In-1 Seed Starting Mix 12 quart, at Walmart or Target",TARGET,BACK TO THE ROOTS,Packaged Meals & Sides,146,,,
848,"STARBURST®, select varieties",,STARBURST,Candy,11713,c99c5725-4d9b-404a-8438-5cf1dc4f12c3,Gum,Candy
849,"STARBURST®, select varieties",,STARBURST,Fruit & Vegetable Snacks,486,,,
850,"STARBURST®, select varieties",,STARBURST,Gum,81,,,
851,"Super Coffee, 12 ounce single serve",,SUPER COFFEE,Coffee,1232,,,
852,Spend $90 at Safeway,SAFEWAY,SAFEWAY,Candy,529,c99c5725-4d9b-404a-8438-5cf1dc4f12c3,Gum,Candy
853,Spend $5 on brisket mac & cheese sandwich OR other single-serve prepared food item,CASEYS GENERAL STORE,CASEYS GENERAL STORE,Cooking & Baking,58,,,
854,Spend $5 on brisket mac & cheese sandwich OR other single-serve prepared food item,CASEYS GENERAL STORE,CASEYS GENERAL STORE,Frozen Pizza & Pizza Snacks,42,,,
855,Spend $50 at Chewy.com,CHEWY,CHEWY,,,,,
856,Simply Organic Seasoning Mixes OR Spices,,SIMPLY ORGANIC,Cooking & Baking,1440,,,
857,Simply Organic Seasoning Mixes OR Spices,,SIMPLY ORGANIC,Sauces & Marinades,413,,,
858,Spend $10 at KFC,KFC,KFC,,,,,
859,Sargento Product,,SARGENTO,Cheese,22912,,,
860,Thomas'® Bagel Thins,,THOMAS,Bread,26490,,,
861,Thomas'® Bagel Thins,,THOMAS,Frozen Breakfast,258,,,
862,Thomas'® Bagel Thins,,THOMAS,Bakery,24,,,
863,Spend $270 at Pavilions,PAVILIONS,PAVILIONS,Cooking & Baking,15,,,
864,"Back to the Roots Soils, select varieties, at Walmart",WALMART,BACK TO THE ROOTS,Packaged Meals & Sides,146,,,
